business_activity,category,scale_or_specification,unit,reference_cost_min_inr,reference_cost_max_inr,cost_basis,source_authority,source_year,state_or_scope,source_page,official_source_url,notes,provenance_priority,use_for_vittanaya
Agri Clinic & Agri Business Centers,Rural business services,Small,No.,2500000,2500000,Odisha district unit cost / SoF,NABARD,2025-26 PLP; unit costs fixed for 2024-25,"Sundargarh, Odisha",Annexure 4 / Annexure 5 (see source notes),https://www.nabard.org/auth/writereaddata/tender/pub_2508251205351832.pdf,"Official Odisha district reference. Indicative, not a quotation. Use with district/business-scale context.",ODISHA_DISTRICT_PRIMARY,Yes — first choice for Odisha district estimates where activity/scale matches.
Agri Produce Transport / Marketing,Transport & logistics,Mobility support 4-wheeler,No.,1000000,1000000,Odisha district unit cost / SoF,NABARD,2025-26 PLP; unit costs fixed for 2024-25,"Sundargarh, Odisha",Annexure 4 / Annexure 5 (see source notes),https://www.nabard.org/auth/writereaddata/tender/pub_2508251205351832.pdf,"Official Odisha district reference. Indicative, not a quotation. Use with district/business-scale context.",ODISHA_DISTRICT_PRIMARY,Yes — first choice for Odisha district estimates where activity/scale matches.
Agro Processing Unit - Cashew Processing,Agro processing,Cashew processing,No.,1500000,1500000,Odisha district unit cost / SoF,NABARD,2025-26 PLP; unit costs fixed for 2024-25,"Sundargarh, Odisha",Annexure 4 / Annexure 5 (see source notes),https://www.nabard.org/auth/writereaddata/tender/pub_2508251205351832.pdf,"Official Odisha district reference. Indicative, not a quotation. Use with district/business-scale context.",ODISHA_DISTRICT_PRIMARY,Yes — first choice for Odisha district estimates where activity/scale matches.
Agro Processing Unit - Leaf Plate Making,Agro processing,Leaf plate making,No.,300000,300000,Odisha district unit cost / SoF,NABARD,2025-26 PLP; unit costs fixed for 2024-25,"Sundargarh, Odisha",Annexure 4 / Annexure 5 (see source notes),https://www.nabard.org/auth/writereaddata/tender/pub_2508251205351832.pdf,"Official Odisha district reference. Indicative, not a quotation. Use with district/business-scale context.",ODISHA_DISTRICT_PRIMARY,Yes — first choice for Odisha district estimates where activity/scale matches.
Bee Keeping,Apiculture,Boxes,No.,305232,305232,Odisha district unit cost / SoF,NABARD,2025-26 PLP; unit costs fixed for 2024-25,"Sundargarh, Odisha",Annexure 4 / Annexure 5 (see source notes),https://www.nabard.org/auth/writereaddata/tender/pub_2508251205351832.pdf,"Official Odisha district reference. Indicative, not a quotation. Use with district/business-scale context.",ODISHA_DISTRICT_PRIMARY,Yes — first choice for Odisha district estimates where activity/scale matches.
Bore Well,Water resources,New,No.,132000,132000,Odisha district unit cost / SoF,NABARD,2025-26 PLP; unit costs fixed for 2024-25,"Sundargarh, Odisha",Annexure 4 / Annexure 5 (see source notes),https://www.nabard.org/auth/writereaddata/tender/pub_2508251205351832.pdf,"Official Odisha district reference. Indicative, not a quotation. Use with district/business-scale context.",ODISHA_DISTRICT_PRIMARY,Yes — first choice for Odisha district estimates where activity/scale matches.
Bulk Milk Cooling Unit,Dairy,Milk cooling unit,No.,1178000,1178000,Odisha district unit cost / SoF,NABARD,2025-26 PLP; unit costs fixed for 2024-25,"Sundargarh, Odisha",Annexure 4 / Annexure 5 (see source notes),https://www.nabard.org/auth/writereaddata/tender/pub_2508251205351832.pdf,"Official Odisha district reference. Indicative, not a quotation. Use with district/business-scale context.",ODISHA_DISTRICT_PRIMARY,Yes — first choice for Odisha district estimates where activity/scale matches.
Cold Storage,Agri infrastructure,Horticulture produce,No.,150000,150000,Odisha district unit cost / SoF,NABARD,2025-26 PLP; unit costs fixed for 2024-25,"Sundargarh, Odisha",Annexure 4 / Annexure 5 (see source notes),https://www.nabard.org/auth/writereaddata/tender/pub_2508251205351832.pdf,"Official Odisha district reference. Indicative, not a quotation. Use with district/business-scale context.",ODISHA_DISTRICT_PRIMARY,Yes — first choice for Odisha district estimates where activity/scale matches.
Combine Harvester,Farm mechanization,Self-propelled belt type / 68,No.,2660200,2660200,Odisha district unit cost / SoF,NABARD,2025-26 PLP; unit costs fixed for 2024-25,"Sundargarh, Odisha",Annexure 4 / Annexure 5 (see source notes),https://www.nabard.org/auth/writereaddata/tender/pub_2508251205351832.pdf,"Official Odisha district reference. Indicative, not a quotation. Use with district/business-scale context.",ODISHA_DISTRICT_PRIMARY,Yes — first choice for Odisha district estimates where activity/scale matches.
Commercial Broiler Farming,Poultry,"Hybrid broiler, deep litter, 1000 birds",1000 birds,647000,647000,Odisha district unit cost / SoF,NABARD,2025-26 PLP; unit costs fixed for 2024-25,"Sundargarh, Odisha",Annexure 4 / Annexure 5 (see source notes),https://www.nabard.org/auth/writereaddata/tender/pub_2508251205351832.pdf,"Official Odisha district reference. Indicative, not a quotation. Use with district/business-scale context.",ODISHA_DISTRICT_PRIMARY,Yes — first choice for Odisha district estimates where activity/scale matches.
Commercial Layer Farming,Poultry,10000 birds,10000 birds,10731000,10731000,Odisha district unit cost / SoF,NABARD,2025-26 PLP; unit costs fixed for 2024-25,"Sundargarh, Odisha",Annexure 4 / Annexure 5 (see source notes),https://www.nabard.org/auth/writereaddata/tender/pub_2508251205351832.pdf,"Official Odisha district reference. Indicative, not a quotation. Use with district/business-scale context.",ODISHA_DISTRICT_PRIMARY,Yes — first choice for Odisha district estimates where activity/scale matches.
Composite Fish Culture,Fisheries,Composite fish culture,ha,355000,355000,Odisha district unit cost / SoF,NABARD,2025-26 PLP; unit costs fixed for 2024-25,"Sundargarh, Odisha",Annexure 4 / Annexure 5 (see source notes),https://www.nabard.org/auth/writereaddata/tender/pub_2508251205351832.pdf,"Official Odisha district reference. Indicative, not a quotation. Use with district/business-scale context.",ODISHA_DISTRICT_PRIMARY,Yes — first choice for Odisha district estimates where activity/scale matches.
Composite Fish Culture - New Tanks,Fisheries,New tanks,ha,505000,505000,Odisha district unit cost / SoF,NABARD,2025-26 PLP; unit costs fixed for 2024-25,"Sundargarh, Odisha",Annexure 4 / Annexure 5 (see source notes),https://www.nabard.org/auth/writereaddata/tender/pub_2508251205351832.pdf,"Official Odisha district reference. Indicative, not a quotation. Use with district/business-scale context.",ODISHA_DISTRICT_PRIMARY,Yes — first choice for Odisha district estimates where activity/scale matches.
NADEP Compost,Compost,NADEP,No.,27200,27200,Odisha district unit cost / SoF,NABARD,2025-26 PLP; unit costs fixed for 2024-25,"Sundargarh, Odisha",Annexure 4 / Annexure 5 (see source notes),https://www.nabard.org/auth/writereaddata/tender/pub_2508251205351832.pdf,"Official Odisha district reference. Indicative, not a quotation. Use with district/business-scale context.",ODISHA_DISTRICT_PRIMARY,Yes — first choice for Odisha district estimates where activity/scale matches.
Vermi Compost,Compost,Vermi compost,No.,36000,36000,Odisha district unit cost / SoF,NABARD,2025-26 PLP; unit costs fixed for 2024-25,"Sundargarh, Odisha",Annexure 4 / Annexure 5 (see source notes),https://www.nabard.org/auth/writereaddata/tender/pub_2508251205351832.pdf,"Official Odisha district reference. Indicative, not a quotation. Use with district/business-scale context.",ODISHA_DISTRICT_PRIMARY,Yes — first choice for Odisha district estimates where activity/scale matches.
Cottage Industry - Masala Making,Food processing,Masala making,No.,2000000,2000000,Odisha district unit cost / SoF,NABARD,2025-26 PLP; unit costs fixed for 2024-25,"Sundargarh, Odisha",Annexure 4 / Annexure 5 (see source notes),https://www.nabard.org/auth/writereaddata/tender/pub_2508251205351832.pdf,"Official Odisha district reference. Indicative, not a quotation. Use with district/business-scale context.",ODISHA_DISTRICT_PRIMARY,Yes — first choice for Odisha district estimates where activity/scale matches.
Cottage Industry - Papad/Pickle/Chips/Badi,Food processing,"Papad, pickle, chips, badi",No.,200000,200000,Odisha district unit cost / SoF,NABARD,2025-26 PLP; unit costs fixed for 2024-25,"Sundargarh, Odisha",Annexure 4 / Annexure 5 (see source notes),https://www.nabard.org/auth/writereaddata/tender/pub_2508251205351832.pdf,"Official Odisha district reference. Indicative, not a quotation. Use with district/business-scale context.",ODISHA_DISTRICT_PRIMARY,Yes — first choice for Odisha district estimates where activity/scale matches.
Crossbred Cattle Farming,Dairy,1+1,unit,246000,246000,Odisha district unit cost / SoF,NABARD,2025-26 PLP; unit costs fixed for 2024-25,"Sundargarh, Odisha",Annexure 4 / Annexure 5 (see source notes),https://www.nabard.org/auth/writereaddata/tender/pub_2508251205351832.pdf,"Official Odisha district reference. Indicative, not a quotation. Use with district/business-scale context.",ODISHA_DISTRICT_PRIMARY,Yes — first choice for Odisha district estimates where activity/scale matches.
Custom Hiring Centre - Large,Farm services,Large,No.,10000000,10000000,Odisha district unit cost / SoF,NABARD,2025-26 PLP; unit costs fixed for 2024-25,"Sundargarh, Odisha",Annexure 4 / Annexure 5 (see source notes),https://www.nabard.org/auth/writereaddata/tender/pub_2508251205351832.pdf,"Official Odisha district reference. Indicative, not a quotation. Use with district/business-scale context.",ODISHA_DISTRICT_PRIMARY,Yes — first choice for Odisha district estimates where activity/scale matches.
Custom Hiring Centre - Small,Farm services,Small,No.,3000000,3000000,Odisha district unit cost / SoF,NABARD,2025-26 PLP; unit costs fixed for 2024-25,"Sundargarh, Odisha",Annexure 4 / Annexure 5 (see source notes),https://www.nabard.org/auth/writereaddata/tender/pub_2508251205351832.pdf,"Official Odisha district reference. Indicative, not a quotation. Use with district/business-scale context.",ODISHA_DISTRICT_PRIMARY,Yes — first choice for Odisha district estimates where activity/scale matches.
Dairy Marketing Outlet / Parlour,Dairy retail,Marketing outlet / parlour,No.,1000000,1000000,Odisha district unit cost / SoF,NABARD,2025-26 PLP; unit costs fixed for 2024-25,"Sundargarh, Odisha",Annexure 4 / Annexure 5 (see source notes),https://www.nabard.org/auth/writereaddata/tender/pub_2508251205351832.pdf,"Official Odisha district reference. Indicative, not a quotation. Use with district/business-scale context.",ODISHA_DISTRICT_PRIMARY,Yes — first choice for Odisha district estimates where activity/scale matches.
Dal / Pulses Mill,Food processing,Mini,No.,200000,200000,Odisha district unit cost / SoF,NABARD,2025-26 PLP; unit costs fixed for 2024-25,"Sundargarh, Odisha",Annexure 4 / Annexure 5 (see source notes),https://www.nabard.org/auth/writereaddata/tender/pub_2508251205351832.pdf,"Official Odisha district reference. Indicative, not a quotation. Use with district/business-scale context.",ODISHA_DISTRICT_PRIMARY,Yes — first choice for Odisha district estimates where activity/scale matches.
Diesel Pump Set - Small,Farm mechanization,Small unit,No.,14410,14410,Odisha district unit cost / SoF,NABARD,2025-26 PLP; unit costs fixed for 2024-25,"Sundargarh, Odisha",Annexure 4 / Annexure 5 (see source notes),https://www.nabard.org/auth/writereaddata/tender/pub_2508251205351832.pdf,"Official Odisha district reference. Indicative, not a quotation. Use with district/business-scale context.",ODISHA_DISTRICT_PRIMARY,Yes — first choice for Odisha district estimates where activity/scale matches.
Diesel Pump Set - Large,Farm mechanization,Large unit,No.,36300,36300,Odisha district unit cost / SoF,NABARD,2025-26 PLP; unit costs fixed for 2024-25,"Sundargarh, Odisha",Annexure 4 / Annexure 5 (see source notes),https://www.nabard.org/auth/writereaddata/tender/pub_2508251205351832.pdf,"Official Odisha district reference. Indicative, not a quotation. Use with district/business-scale context.",ODISHA_DISTRICT_PRIMARY,Yes — first choice for Odisha district estimates where activity/scale matches.
Drinking Water,Water services,Community/business unit,No.,1000000,1000000,Odisha district unit cost / SoF,NABARD,2025-26 PLP; unit costs fixed for 2024-25,"Sundargarh, Odisha",Annexure 4 / Annexure 5 (see source notes),https://www.nabard.org/auth/writereaddata/tender/pub_2508251205351832.pdf,"Official Odisha district reference. Indicative, not a quotation. Use with district/business-scale context.",ODISHA_DISTRICT_PRIMARY,Yes — first choice for Odisha district estimates where activity/scale matches.
Drip Irrigation - Standard,Irrigation,Per hectare,ha,145000,145000,Odisha district unit cost / SoF,NABARD,2025-26 PLP; unit costs fixed for 2024-25,"Sundargarh, Odisha",Annexure 4 / Annexure 5 (see source notes),https://www.nabard.org/auth/writereaddata/tender/pub_2508251205351832.pdf,"Official Odisha district reference. Indicative, not a quotation. Use with district/business-scale context.",ODISHA_DISTRICT_PRIMARY,Yes — first choice for Odisha district estimates where activity/scale matches.
Drip Irrigation - Micro,Irrigation,Micro,ha,40000,40000,Odisha district unit cost / SoF,NABARD,2025-26 PLP; unit costs fixed for 2024-25,"Sundargarh, Odisha",Annexure 4 / Annexure 5 (see source notes),https://www.nabard.org/auth/writereaddata/tender/pub_2508251205351832.pdf,"Official Odisha district reference. Indicative, not a quotation. Use with district/business-scale context.",ODISHA_DISTRICT_PRIMARY,Yes — first choice for Odisha district estimates where activity/scale matches.
Dryland Horticulture - Pomegranate,Horticulture,Pomegranate,acre,211536,211536,Odisha district unit cost / SoF,NABARD,2025-26 PLP; unit costs fixed for 2024-25,"Sundargarh, Odisha",Annexure 4 / Annexure 5 (see source notes),https://www.nabard.org/auth/writereaddata/tender/pub_2508251205351832.pdf,"Official Odisha district reference. Indicative, not a quotation. Use with district/business-scale context.",ODISHA_DISTRICT_PRIMARY,Yes — first choice for Odisha district estimates where activity/scale matches.
Dug Well,Water resources,New,No.,162800,162800,Odisha district unit cost / SoF,NABARD,2025-26 PLP; unit costs fixed for 2024-25,"Sundargarh, Odisha",Annexure 4 / Annexure 5 (see source notes),https://www.nabard.org/auth/writereaddata/tender/pub_2508251205351832.pdf,"Official Odisha district reference. Indicative, not a quotation. Use with district/business-scale context.",ODISHA_DISTRICT_PRIMARY,Yes — first choice for Odisha district estimates where activity/scale matches.
Education - School,Education,School,No.,30000000,30000000,Odisha district unit cost / SoF,NABARD,2025-26 PLP; unit costs fixed for 2024-25,"Sundargarh, Odisha",Annexure 4 / Annexure 5 (see source notes),https://www.nabard.org/auth/writereaddata/tender/pub_2508251205351832.pdf,"Official Odisha district reference. Indicative, not a quotation. Use with district/business-scale context.",ODISHA_DISTRICT_PRIMARY,Yes — first choice for Odisha district estimates where activity/scale matches.
Education Loan - Study in Country,Education finance,Higher education,No.,1000000,1000000,Odisha district unit cost / SoF,NABARD,2025-26 PLP; unit costs fixed for 2024-25,"Sundargarh, Odisha",Annexure 4 / Annexure 5 (see source notes),https://www.nabard.org/auth/writereaddata/tender/pub_2508251205351832.pdf,"Official Odisha district reference. Indicative, not a quotation. Use with district/business-scale context.",ODISHA_DISTRICT_PRIMARY,Yes — first choice for Odisha district estimates where activity/scale matches.
Electric Pump Set,Farm mechanization,Electric pump,No.,35310,35310,Odisha district unit cost / SoF,NABARD,2025-26 PLP; unit costs fixed for 2024-25,"Sundargarh, Odisha",Annexure 4 / Annexure 5 (see source notes),https://www.nabard.org/auth/writereaddata/tender/pub_2508251205351832.pdf,"Official Odisha district reference. Indicative, not a quotation. Use with district/business-scale context.",ODISHA_DISTRICT_PRIMARY,Yes — first choice for Odisha district estimates where activity/scale matches.
Artisan Support Entity - Inputs,Artisan support,Input supply - small,No.,50000,50000,Odisha district unit cost / SoF,NABARD,2025-26 PLP; unit costs fixed for 2024-25,"Sundargarh, Odisha",Annexure 4 / Annexure 5 (see source notes),https://www.nabard.org/auth/writereaddata/tender/pub_2508251205351832.pdf,"Official Odisha district reference. Indicative, not a quotation. Use with district/business-scale context.",ODISHA_DISTRICT_PRIMARY,Yes — first choice for Odisha district estimates where activity/scale matches.
Artisan Support Entity - Inputs,Artisan support,Input supply - medium,No.,300000,300000,Odisha district unit cost / SoF,NABARD,2025-26 PLP; unit costs fixed for 2024-25,"Sundargarh, Odisha",Annexure 4 / Annexure 5 (see source notes),https://www.nabard.org/auth/writereaddata/tender/pub_2508251205351832.pdf,"Official Odisha district reference. Indicative, not a quotation. Use with district/business-scale context.",ODISHA_DISTRICT_PRIMARY,Yes — first choice for Odisha district estimates where activity/scale matches.
Artisan Support Entity - Inputs,Artisan support,Input supply - larger,No.,500000,500000,Odisha district unit cost / SoF,NABARD,2025-26 PLP; unit costs fixed for 2024-25,"Sundargarh, Odisha",Annexure 4 / Annexure 5 (see source notes),https://www.nabard.org/auth/writereaddata/tender/pub_2508251205351832.pdf,"Official Odisha district reference. Indicative, not a quotation. Use with district/business-scale context.",ODISHA_DISTRICT_PRIMARY,Yes — first choice for Odisha district estimates where activity/scale matches.
Export Credit - Pre Shipment,Export / working capital,Pre shipment,No.,30000000,30000000,Odisha district unit cost / SoF,NABARD,2025-26 PLP; unit costs fixed for 2024-25,"Sundargarh, Odisha",Annexure 4 / Annexure 5 (see source notes),https://www.nabard.org/auth/writereaddata/tender/pub_2508251205351832.pdf,"Official Odisha district reference. Indicative, not a quotation. Use with district/business-scale context.",ODISHA_DISTRICT_PRIMARY,Yes — first choice for Odisha district estimates where activity/scale matches.
Export Credit - Post Shipment,Export / working capital,Post shipment,No.,30000000,30000000,Odisha district unit cost / SoF,NABARD,2025-26 PLP; unit costs fixed for 2024-25,"Sundargarh, Odisha",Annexure 4 / Annexure 5 (see source notes),https://www.nabard.org/auth/writereaddata/tender/pub_2508251205351832.pdf,"Official Odisha district reference. Indicative, not a quotation. Use with district/business-scale context.",ODISHA_DISTRICT_PRIMARY,Yes — first choice for Odisha district estimates where activity/scale matches.
Farm Pond / Water Harvesting,Water resources,Dugout pond Farm Pond II,No.,171420,171420,Odisha district unit cost / SoF,NABARD,2025-26 PLP; unit costs fixed for 2024-25,"Sundargarh, Odisha",Annexure 4 / Annexure 5 (see source notes),https://www.nabard.org/auth/writereaddata/tender/pub_2508251205351832.pdf,"Official Odisha district reference. Indicative, not a quotation. Use with district/business-scale context.",ODISHA_DISTRICT_PRIMARY,Yes — first choice for Odisha district estimates where activity/scale matches.
FPO/FPC Finance,Agribusiness,Procurement & marketing,No.,1500000,1500000,Odisha district unit cost / SoF,NABARD,2025-26 PLP; unit costs fixed for 2024-25,"Sundargarh, Odisha",Annexure 4 / Annexure 5 (see source notes),https://www.nabard.org/auth/writereaddata/tender/pub_2508251205351832.pdf,"Official Odisha district reference. Indicative, not a quotation. Use with district/business-scale context.",ODISHA_DISTRICT_PRIMARY,Yes — first choice for Odisha district estimates where activity/scale matches.
Fish Marketing - Auto Rickshaw with Ice Box,Fisheries / retail logistics,Auto rickshaw with ice box,No.,300000,300000,Odisha district unit cost / SoF,NABARD,2025-26 PLP; unit costs fixed for 2024-25,"Sundargarh, Odisha",Annexure 4 / Annexure 5 (see source notes),https://www.nabard.org/auth/writereaddata/tender/pub_2508251205351832.pdf,"Official Odisha district reference. Indicative, not a quotation. Use with district/business-scale context.",ODISHA_DISTRICT_PRIMARY,Yes — first choice for Odisha district estimates where activity/scale matches.
Fish Marketing - Motorcycle with Ice Box,Fisheries / retail logistics,Motorcycle with ice box,No.,85000,85000,Odisha district unit cost / SoF,NABARD,2025-26 PLP; unit costs fixed for 2024-25,"Sundargarh, Odisha",Annexure 4 / Annexure 5 (see source notes),https://www.nabard.org/auth/writereaddata/tender/pub_2508251205351832.pdf,"Official Odisha district reference. Indicative, not a quotation. Use with district/business-scale context.",ODISHA_DISTRICT_PRIMARY,Yes — first choice for Odisha district estimates where activity/scale matches.
Fish Seed Rearing,Fisheries,Fry to fingerling in new pond,ha,221000,221000,Odisha district unit cost / SoF,NABARD,2025-26 PLP; unit costs fixed for 2024-25,"Sundargarh, Odisha",Annexure 4 / Annexure 5 (see source notes),https://www.nabard.org/auth/writereaddata/tender/pub_2508251205351832.pdf,"Official Odisha district reference. Indicative, not a quotation. Use with district/business-scale context.",ODISHA_DISTRICT_PRIMARY,Yes — first choice for Odisha district estimates where activity/scale matches.
Fishing Craft,Fisheries,Non-mechanised traditional plank boat,No.,500000,500000,Odisha district unit cost / SoF,NABARD,2025-26 PLP; unit costs fixed for 2024-25,"Sundargarh, Odisha",Annexure 4 / Annexure 5 (see source notes),https://www.nabard.org/auth/writereaddata/tender/pub_2508251205351832.pdf,"Official Odisha district reference. Indicative, not a quotation. Use with district/business-scale context.",ODISHA_DISTRICT_PRIMARY,Yes — first choice for Odisha district estimates where activity/scale matches.
Fruit Processing - Pickle,Food processing,Pickle,No.,100000,100000,Odisha district unit cost / SoF,NABARD,2025-26 PLP; unit costs fixed for 2024-25,"Sundargarh, Odisha",Annexure 4 / Annexure 5 (see source notes),https://www.nabard.org/auth/writereaddata/tender/pub_2508251205351832.pdf,"Official Odisha district reference. Indicative, not a quotation. Use with district/business-scale context.",ODISHA_DISTRICT_PRIMARY,Yes — first choice for Odisha district estimates where activity/scale matches.
Goat Rearing,Livestock,New shed 10+1,unit,158000,158000,Odisha district unit cost / SoF,NABARD,2025-26 PLP; unit costs fixed for 2024-25,"Sundargarh, Odisha",Annexure 4 / Annexure 5 (see source notes),https://www.nabard.org/auth/writereaddata/tender/pub_2508251205351832.pdf,"Official Odisha district reference. Indicative, not a quotation. Use with district/business-scale context.",ODISHA_DISTRICT_PRIMARY,Yes — first choice for Odisha district estimates where activity/scale matches.
Godown - Large,Storage / warehousing,Large,No.,24500000,24500000,Odisha district unit cost / SoF,NABARD,2025-26 PLP; unit costs fixed for 2024-25,"Sundargarh, Odisha",Annexure 4 / Annexure 5 (see source notes),https://www.nabard.org/auth/writereaddata/tender/pub_2508251205351832.pdf,"Official Odisha district reference. Indicative, not a quotation. Use with district/business-scale context.",ODISHA_DISTRICT_PRIMARY,Yes — first choice for Odisha district estimates where activity/scale matches.
Godown - Medium,Storage / warehousing,Medium,No.,5000000,5000000,Odisha district unit cost / SoF,NABARD,2025-26 PLP; unit costs fixed for 2024-25,"Sundargarh, Odisha",Annexure 4 / Annexure 5 (see source notes),https://www.nabard.org/auth/writereaddata/tender/pub_2508251205351832.pdf,"Official Odisha district reference. Indicative, not a quotation. Use with district/business-scale context.",ODISHA_DISTRICT_PRIMARY,Yes — first choice for Odisha district estimates where activity/scale matches.
Godown - Small,Storage / warehousing,Small,No.,500000,500000,Odisha district unit cost / SoF,NABARD,2025-26 PLP; unit costs fixed for 2024-25,"Sundargarh, Odisha",Annexure 4 / Annexure 5 (see source notes),https://www.nabard.org/auth/writereaddata/tender/pub_2508251205351832.pdf,"Official Odisha district reference. Indicative, not a quotation. Use with district/business-scale context.",ODISHA_DISTRICT_PRIMARY,Yes — first choice for Odisha district estimates where activity/scale matches.
Buffalo Farming - Graded,Dairy,1+1,unit,288000,288000,Odisha district unit cost / SoF,NABARD,2025-26 PLP; unit costs fixed for 2024-25,"Sundargarh, Odisha",Annexure 4 / Annexure 5 (see source notes),https://www.nabard.org/auth/writereaddata/tender/pub_2508251205351832.pdf,"Official Odisha district reference. Indicative, not a quotation. Use with district/business-scale context.",ODISHA_DISTRICT_PRIMARY,Yes — first choice for Odisha district estimates where activity/scale matches.
Healthcare - Hospital,Healthcare,Hospital,No.,50000000,50000000,Odisha district unit cost / SoF,NABARD,2025-26 PLP; unit costs fixed for 2024-25,"Sundargarh, Odisha",Annexure 4 / Annexure 5 (see source notes),https://www.nabard.org/auth/writereaddata/tender/pub_2508251205351832.pdf,"Official Odisha district reference. Indicative, not a quotation. Use with district/business-scale context.",ODISHA_DISTRICT_PRIMARY,Yes — first choice for Odisha district estimates where activity/scale matches.
Healthcare - Nursing Home,Healthcare,Nursing home,No.,10000000,10000000,Odisha district unit cost / SoF,NABARD,2025-26 PLP; unit costs fixed for 2024-25,"Sundargarh, Odisha",Annexure 4 / Annexure 5 (see source notes),https://www.nabard.org/auth/writereaddata/tender/pub_2508251205351832.pdf,"Official Odisha district reference. Indicative, not a quotation. Use with district/business-scale context.",ODISHA_DISTRICT_PRIMARY,Yes — first choice for Odisha district estimates where activity/scale matches.
Heifer Rearing - 20,Dairy,20 heifers,unit,1040000,1040000,Odisha district unit cost / SoF,NABARD,2025-26 PLP; unit costs fixed for 2024-25,"Sundargarh, Odisha",Annexure 4 / Annexure 5 (see source notes),https://www.nabard.org/auth/writereaddata/tender/pub_2508251205351832.pdf,"Official Odisha district reference. Indicative, not a quotation. Use with district/business-scale context.",ODISHA_DISTRICT_PRIMARY,Yes — first choice for Odisha district estimates where activity/scale matches.
Heifer Rearing - 5,Dairy,5 heifers,unit,260000,260000,Odisha district unit cost / SoF,NABARD,2025-26 PLP; unit costs fixed for 2024-25,"Sundargarh, Odisha",Annexure 4 / Annexure 5 (see source notes),https://www.nabard.org/auth/writereaddata/tender/pub_2508251205351832.pdf,"Official Odisha district reference. Indicative, not a quotation. Use with district/business-scale context.",ODISHA_DISTRICT_PRIMARY,Yes — first choice for Odisha district estimates where activity/scale matches.
Indigenous Graded Cattle Farming,Dairy,5+5,unit,1038000,1038000,Odisha district unit cost / SoF,NABARD,2025-26 PLP; unit costs fixed for 2024-25,"Sundargarh, Odisha",Annexure 4 / Annexure 5 (see source notes),https://www.nabard.org/auth/writereaddata/tender/pub_2508251205351832.pdf,"Official Odisha district reference. Indicative, not a quotation. Use with district/business-scale context.",ODISHA_DISTRICT_PRIMARY,Yes — first choice for Odisha district estimates where activity/scale matches.
Indigenous Poultry Farming,Poultry,Dual purpose 250 birds,250 birds,120000,120000,Odisha district unit cost / SoF,NABARD,2025-26 PLP; unit costs fixed for 2024-25,"Sundargarh, Odisha",Annexure 4 / Annexure 5 (see source notes),https://www.nabard.org/auth/writereaddata/tender/pub_2508251205351832.pdf,"Official Odisha district reference. Indicative, not a quotation. Use with district/business-scale context.",ODISHA_DISTRICT_PRIMARY,Yes — first choice for Odisha district estimates where activity/scale matches.
Intensive Fish Farming - Biofloc,Fisheries,Biofloc technology,No.,750000,750000,Odisha district unit cost / SoF,NABARD,2025-26 PLP; unit costs fixed for 2024-25,"Sundargarh, Odisha",Annexure 4 / Annexure 5 (see source notes),https://www.nabard.org/auth/writereaddata/tender/pub_2508251205351832.pdf,"Official Odisha district reference. Indicative, not a quotation. Use with district/business-scale context.",ODISHA_DISTRICT_PRIMARY,Yes — first choice for Odisha district estimates where activity/scale matches.
Lift Irrigation Scheme,Irrigation,Lift irrigation,No.,242110,242110,Odisha district unit cost / SoF,NABARD,2025-26 PLP; unit costs fixed for 2024-25,"Sundargarh, Odisha",Annexure 4 / Annexure 5 (see source notes),https://www.nabard.org/auth/writereaddata/tender/pub_2508251205351832.pdf,"Official Odisha district reference. Indicative, not a quotation. Use with district/business-scale context.",ODISHA_DISTRICT_PRIMARY,Yes — first choice for Odisha district estimates where activity/scale matches.
MFI Onlending for Agri,Finance intermediary,Agriculture onlending,No.,30000000,30000000,Odisha district unit cost / SoF,NABARD,2025-26 PLP; unit costs fixed for 2024-25,"Sundargarh, Odisha",Annexure 4 / Annexure 5 (see source notes),https://www.nabard.org/auth/writereaddata/tender/pub_2508251205351832.pdf,"Official Odisha district reference. Indicative, not a quotation. Use with district/business-scale context.",ODISHA_DISTRICT_PRIMARY,Yes — first choice for Odisha district estimates where activity/scale matches.
Loans to Distressed Persons,Financial support,Jan Dhan,No.,10000,10000,Odisha district unit cost / SoF,NABARD,2025-26 PLP; unit costs fixed for 2024-25,"Sundargarh, Odisha",Annexure 4 / Annexure 5 (see source notes),https://www.nabard.org/auth/writereaddata/tender/pub_2508251205351832.pdf,"Official Odisha district reference. Indicative, not a quotation. Use with district/business-scale context.",ODISHA_DISTRICT_PRIMARY,Yes — first choice for Odisha district estimates where activity/scale matches.
MFI Onlending,Finance intermediary,Onlending,No.,100000000,100000000,Odisha district unit cost / SoF,NABARD,2025-26 PLP; unit costs fixed for 2024-25,"Sundargarh, Odisha",Annexure 4 / Annexure 5 (see source notes),https://www.nabard.org/auth/writereaddata/tender/pub_2508251205351832.pdf,"Official Odisha district reference. Indicative, not a quotation. Use with district/business-scale context.",ODISHA_DISTRICT_PRIMARY,Yes — first choice for Odisha district estimates where activity/scale matches.
Manufacturing Term Loan - Medium,MSME finance,Medium,No.,250000000,250000000,Odisha district unit cost / SoF,NABARD,2025-26 PLP; unit costs fixed for 2024-25,"Sundargarh, Odisha",Annexure 4 / Annexure 5 (see source notes),https://www.nabard.org/auth/writereaddata/tender/pub_2508251205351832.pdf,"Official Odisha district reference. Indicative, not a quotation. Use with district/business-scale context.",ODISHA_DISTRICT_PRIMARY,Yes — first choice for Odisha district estimates where activity/scale matches.
Manufacturing Term Loan - Micro,MSME finance,Micro,No.,5000000,5000000,Odisha district unit cost / SoF,NABARD,2025-26 PLP; unit costs fixed for 2024-25,"Sundargarh, Odisha",Annexure 4 / Annexure 5 (see source notes),https://www.nabard.org/auth/writereaddata/tender/pub_2508251205351832.pdf,"Official Odisha district reference. Indicative, not a quotation. Use with district/business-scale context.",ODISHA_DISTRICT_PRIMARY,Yes — first choice for Odisha district estimates where activity/scale matches.
Manufacturing Term Loan - Small,MSME finance,Small,No.,50000000,50000000,Odisha district unit cost / SoF,NABARD,2025-26 PLP; unit costs fixed for 2024-25,"Sundargarh, Odisha",Annexure 4 / Annexure 5 (see source notes),https://www.nabard.org/auth/writereaddata/tender/pub_2508251205351832.pdf,"Official Odisha district reference. Indicative, not a quotation. Use with district/business-scale context.",ODISHA_DISTRICT_PRIMARY,Yes — first choice for Odisha district estimates where activity/scale matches.
Manufacturing Working Capital - Medium,MSME finance,Medium,No.,50000000,50000000,Odisha district unit cost / SoF,NABARD,2025-26 PLP; unit costs fixed for 2024-25,"Sundargarh, Odisha",Annexure 4 / Annexure 5 (see source notes),https://www.nabard.org/auth/writereaddata/tender/pub_2508251205351832.pdf,"Official Odisha district reference. Indicative, not a quotation. Use with district/business-scale context.",ODISHA_DISTRICT_PRIMARY,Yes — first choice for Odisha district estimates where activity/scale matches.
Manufacturing Working Capital - Micro,MSME finance,Micro,No.,1200000,1200000,Odisha district unit cost / SoF,NABARD,2025-26 PLP; unit costs fixed for 2024-25,"Sundargarh, Odisha",Annexure 4 / Annexure 5 (see source notes),https://www.nabard.org/auth/writereaddata/tender/pub_2508251205351832.pdf,"Official Odisha district reference. Indicative, not a quotation. Use with district/business-scale context.",ODISHA_DISTRICT_PRIMARY,Yes — first choice for Odisha district estimates where activity/scale matches.
Manufacturing Working Capital - Small,MSME finance,Small,No.,10000000,10000000,Odisha district unit cost / SoF,NABARD,2025-26 PLP; unit costs fixed for 2024-25,"Sundargarh, Odisha",Annexure 4 / Annexure 5 (see source notes),https://www.nabard.org/auth/writereaddata/tender/pub_2508251205351832.pdf,"Official Odisha district reference. Indicative, not a quotation. Use with district/business-scale context.",ODISHA_DISTRICT_PRIMARY,Yes — first choice for Odisha district estimates where activity/scale matches.
Market Yard Marketing Infrastructure,Agri marketing,Marketing infrastructure,No.,5000000,5000000,Odisha district unit cost / SoF,NABARD,2025-26 PLP; unit costs fixed for 2024-25,"Sundargarh, Odisha",Annexure 4 / Annexure 5 (see source notes),https://www.nabard.org/auth/writereaddata/tender/pub_2508251205351832.pdf,"Official Odisha district reference. Indicative, not a quotation. Use with district/business-scale context.",ODISHA_DISTRICT_PRIMARY,Yes — first choice for Odisha district estimates where activity/scale matches.
Medicinal & Aromatic Crops - Lemon Grass,Horticulture,Lemon grass,acre,176715,176715,Odisha district unit cost / SoF,NABARD,2025-26 PLP; unit costs fixed for 2024-25,"Sundargarh, Odisha",Annexure 4 / Annexure 5 (see source notes),https://www.nabard.org/auth/writereaddata/tender/pub_2508251205351832.pdf,"Official Odisha district reference. Indicative, not a quotation. Use with district/business-scale context.",ODISHA_DISTRICT_PRIMARY,Yes — first choice for Odisha district estimates where activity/scale matches.
Mushroom Cultivation,Food/agri processing,"Paddy straw, 1000 kg/cycle",cycle,129960,129960,Odisha district unit cost / SoF,NABARD,2025-26 PLP; unit costs fixed for 2024-25,"Sundargarh, Odisha",Annexure 4 / Annexure 5 (see source notes),https://www.nabard.org/auth/writereaddata/tender/pub_2508251205351832.pdf,"Official Odisha district reference. Indicative, not a quotation. Use with district/business-scale context.",ODISHA_DISTRICT_PRIMARY,Yes — first choice for Odisha district estimates where activity/scale matches.
New Orchard - Tropical/Subtropical A,Horticulture,Tropical/subtropical,acre,182414,182414,Odisha district unit cost / SoF,NABARD,2025-26 PLP; unit costs fixed for 2024-25,"Sundargarh, Odisha",Annexure 4 / Annexure 5 (see source notes),https://www.nabard.org/auth/writereaddata/tender/pub_2508251205351832.pdf,"Official Odisha district reference. Indicative, not a quotation. Use with district/business-scale context.",ODISHA_DISTRICT_PRIMARY,Yes — first choice for Odisha district estimates where activity/scale matches.
New Orchard - Tropical/Subtropical B,Horticulture,Tropical/subtropical,acre,185265,185265,Odisha district unit cost / SoF,NABARD,2025-26 PLP; unit costs fixed for 2024-25,"Sundargarh, Odisha",Annexure 4 / Annexure 5 (see source notes),https://www.nabard.org/auth/writereaddata/tender/pub_2508251205351832.pdf,"Official Odisha district reference. Indicative, not a quotation. Use with district/business-scale context.",ODISHA_DISTRICT_PRIMARY,Yes — first choice for Odisha district estimates where activity/scale matches.
New Orchard - Tropical/Subtropical C,Horticulture,Tropical/subtropical,acre,239430,239430,Odisha district unit cost / SoF,NABARD,2025-26 PLP; unit costs fixed for 2024-25,"Sundargarh, Odisha",Annexure 4 / Annexure 5 (see source notes),https://www.nabard.org/auth/writereaddata/tender/pub_2508251205351832.pdf,"Official Odisha district reference. Indicative, not a quotation. Use with district/business-scale context.",ODISHA_DISTRICT_PRIMARY,Yes — first choice for Odisha district estimates where activity/scale matches.
New Orchard - Mango,Horticulture,Mango,acre,174000,174000,Odisha district unit cost / SoF,NABARD,2025-26 PLP; unit costs fixed for 2024-25,"Sundargarh, Odisha",Annexure 4 / Annexure 5 (see source notes),https://www.nabard.org/auth/writereaddata/tender/pub_2508251205351832.pdf,"Official Odisha district reference. Indicative, not a quotation. Use with district/business-scale context.",ODISHA_DISTRICT_PRIMARY,Yes — first choice for Odisha district estimates where activity/scale matches.
Nursery / Propagation Unit,Horticulture,Traditional nursery,No.,38596,38596,Odisha district unit cost / SoF,NABARD,2025-26 PLP; unit costs fixed for 2024-25,"Sundargarh, Odisha",Annexure 4 / Annexure 5 (see source notes),https://www.nabard.org/auth/writereaddata/tender/pub_2508251205351832.pdf,"Official Odisha district reference. Indicative, not a quotation. Use with district/business-scale context.",ODISHA_DISTRICT_PRIMARY,Yes — first choice for Odisha district estimates where activity/scale matches.
Oil Extraction,Food/agri processing,Semi-automatic oil mill,No.,500000,500000,Odisha district unit cost / SoF,NABARD,2025-26 PLP; unit costs fixed for 2024-25,"Sundargarh, Odisha",Annexure 4 / Annexure 5 (see source notes),https://www.nabard.org/auth/writereaddata/tender/pub_2508251205351832.pdf,"Official Odisha district reference. Indicative, not a quotation. Use with district/business-scale context.",ODISHA_DISTRICT_PRIMARY,Yes — first choice for Odisha district estimates where activity/scale matches.
Other Machinery & Equipment - Small,Farm services,Other machinery & equipment,No.,137600,137600,Odisha district unit cost / SoF,NABARD,2025-26 PLP; unit costs fixed for 2024-25,"Sundargarh, Odisha",Annexure 4 / Annexure 5 (see source notes),https://www.nabard.org/auth/writereaddata/tender/pub_2508251205351832.pdf,"Official Odisha district reference. Indicative, not a quotation. Use with district/business-scale context.",ODISHA_DISTRICT_PRIMARY,Yes — first choice for Odisha district estimates where activity/scale matches.
Other Machinery & Equipment - Large,Farm services,Other machinery & equipment,No.,386800,386800,Odisha district unit cost / SoF,NABARD,2025-26 PLP; unit costs fixed for 2024-25,"Sundargarh, Odisha",Annexure 4 / Annexure 5 (see source notes),https://www.nabard.org/auth/writereaddata/tender/pub_2508251205351832.pdf,"Official Odisha district reference. Indicative, not a quotation. Use with district/business-scale context.",ODISHA_DISTRICT_PRIMARY,Yes — first choice for Odisha district estimates where activity/scale matches.
Other Plantation Crops,Horticulture,Other plantation crop,acre,223130,223130,Odisha district unit cost / SoF,NABARD,2025-26 PLP; unit costs fixed for 2024-25,"Sundargarh, Odisha",Annexure 4 / Annexure 5 (see source notes),https://www.nabard.org/auth/writereaddata/tender/pub_2508251205351832.pdf,"Official Odisha district reference. Indicative, not a quotation. Use with district/business-scale context.",ODISHA_DISTRICT_PRIMARY,Yes — first choice for Odisha district estimates where activity/scale matches.
Perennial Vegetables - Drumstick,Horticulture,Drumstick,acre,63207,63207,Odisha district unit cost / SoF,NABARD,2025-26 PLP; unit costs fixed for 2024-25,"Sundargarh, Odisha",Annexure 4 / Annexure 5 (see source notes),https://www.nabard.org/auth/writereaddata/tender/pub_2508251205351832.pdf,"Official Odisha district reference. Indicative, not a quotation. Use with district/business-scale context.",ODISHA_DISTRICT_PRIMARY,Yes — first choice for Odisha district estimates where activity/scale matches.
Pig Rearing Unit,Piggery,New shed 3+1,unit,324000,324000,Odisha district unit cost / SoF,NABARD,2025-26 PLP; unit costs fixed for 2024-25,"Sundargarh, Odisha",Annexure 4 / Annexure 5 (see source notes),https://www.nabard.org/auth/writereaddata/tender/pub_2508251205351832.pdf,"Official Odisha district reference. Indicative, not a quotation. Use with district/business-scale context.",ODISHA_DISTRICT_PRIMARY,Yes — first choice for Odisha district estimates where activity/scale matches.
Avenue Plantation,Forestry,Avenue plants,No.,274154,274154,Odisha district unit cost / SoF,NABARD,2025-26 PLP; unit costs fixed for 2024-25,"Sundargarh, Odisha",Annexure 4 / Annexure 5 (see source notes),https://www.nabard.org/auth/writereaddata/tender/pub_2508251205351832.pdf,"Official Odisha district reference. Indicative, not a quotation. Use with district/business-scale context.",ODISHA_DISTRICT_PRIMARY,Yes — first choice for Odisha district estimates where activity/scale matches.
Bamboo Plantation,Forestry,OBDP state plan,ha,137017,137017,Odisha district unit cost / SoF,NABARD,2025-26 PLP; unit costs fixed for 2024-25,"Sundargarh, Odisha",Annexure 4 / Annexure 5 (see source notes),https://www.nabard.org/auth/writereaddata/tender/pub_2508251205351832.pdf,"Official Odisha district reference. Indicative, not a quotation. Use with district/business-scale context.",ODISHA_DISTRICT_PRIMARY,Yes — first choice for Odisha district estimates where activity/scale matches.
Power Tiller,Farm mechanization,Power tiller,No.,211800,211800,Odisha district unit cost / SoF,NABARD,2025-26 PLP; unit costs fixed for 2024-25,"Sundargarh, Odisha",Annexure 4 / Annexure 5 (see source notes),https://www.nabard.org/auth/writereaddata/tender/pub_2508251205351832.pdf,"Official Odisha district reference. Indicative, not a quotation. Use with district/business-scale context.",ODISHA_DISTRICT_PRIMARY,Yes — first choice for Odisha district estimates where activity/scale matches.
Protection Structure - High Cost,Protected cultivation,Structure,sq.m,1501500,1501500,Odisha district unit cost / SoF,NABARD,2025-26 PLP; unit costs fixed for 2024-25,"Sundargarh, Odisha",Annexure 4 / Annexure 5 (see source notes),https://www.nabard.org/auth/writereaddata/tender/pub_2508251205351832.pdf,"Official Odisha district reference. Indicative, not a quotation. Use with district/business-scale context.",ODISHA_DISTRICT_PRIMARY,Yes — first choice for Odisha district estimates where activity/scale matches.
Protection Structure - Medium Cost,Protected cultivation,Structure,sq.m,282975,282975,Odisha district unit cost / SoF,NABARD,2025-26 PLP; unit costs fixed for 2024-25,"Sundargarh, Odisha",Annexure 4 / Annexure 5 (see source notes),https://www.nabard.org/auth/writereaddata/tender/pub_2508251205351832.pdf,"Official Odisha district reference. Indicative, not a quotation. Use with district/business-scale context.",ODISHA_DISTRICT_PRIMARY,Yes — first choice for Odisha district estimates where activity/scale matches.
Protection Structure - Poly/Greenhouse,Protected cultivation,Poly/green housing,sq.m,1717,1717,Odisha district unit cost / SoF,NABARD,2025-26 PLP; unit costs fixed for 2024-25,"Sundargarh, Odisha",Annexure 4 / Annexure 5 (see source notes),https://www.nabard.org/auth/writereaddata/tender/pub_2508251205351832.pdf,"Official Odisha district reference. Indicative, not a quotation. Use with district/business-scale context.",ODISHA_DISTRICT_PRIMARY,Yes — first choice for Odisha district estimates where activity/scale matches.
Rice Processing - Puffed Rice,Food processing,Puffed rice,No.,3000000,3000000,Odisha district unit cost / SoF,NABARD,2025-26 PLP; unit costs fixed for 2024-25,"Sundargarh, Odisha",Annexure 4 / Annexure 5 (see source notes),https://www.nabard.org/auth/writereaddata/tender/pub_2508251205351832.pdf,"Official Odisha district reference. Indicative, not a quotation. Use with district/business-scale context.",ODISHA_DISTRICT_PRIMARY,Yes — first choice for Odisha district estimates where activity/scale matches.
Rice Processing - Rice Huller,Food processing,Rice huller 0.4,No.,250000,250000,Odisha district unit cost / SoF,NABARD,2025-26 PLP; unit costs fixed for 2024-25,"Sundargarh, Odisha",Annexure 4 / Annexure 5 (see source notes),https://www.nabard.org/auth/writereaddata/tender/pub_2508251205351832.pdf,"Official Odisha district reference. Indicative, not a quotation. Use with district/business-scale context.",ODISHA_DISTRICT_PRIMARY,Yes — first choice for Odisha district estimates where activity/scale matches.
Sanitation,WASH services,Sanitation,No.,2500000,2500000,Odisha district unit cost / SoF,NABARD,2025-26 PLP; unit costs fixed for 2024-25,"Sundargarh, Odisha",Annexure 4 / Annexure 5 (see source notes),https://www.nabard.org/auth/writereaddata/tender/pub_2508251205351832.pdf,"Official Odisha district reference. Indicative, not a quotation. Use with district/business-scale context.",ODISHA_DISTRICT_PRIMARY,Yes — first choice for Odisha district estimates where activity/scale matches.
Service Sector Term Loan - Medium,MSME finance,Medium,No.,600000000,600000000,Odisha district unit cost / SoF,NABARD,2025-26 PLP; unit costs fixed for 2024-25,"Sundargarh, Odisha",Annexure 4 / Annexure 5 (see source notes),https://www.nabard.org/auth/writereaddata/tender/pub_2508251205351832.pdf,"Official Odisha district reference. Indicative, not a quotation. Use with district/business-scale context.",ODISHA_DISTRICT_PRIMARY,Yes — first choice for Odisha district estimates where activity/scale matches.
Service Sector Term Loan - Micro,MSME finance,Micro,No.,2000000,2000000,Odisha district unit cost / SoF,NABARD,2025-26 PLP; unit costs fixed for 2024-25,"Sundargarh, Odisha",Annexure 4 / Annexure 5 (see source notes),https://www.nabard.org/auth/writereaddata/tender/pub_2508251205351832.pdf,"Official Odisha district reference. Indicative, not a quotation. Use with district/business-scale context.",ODISHA_DISTRICT_PRIMARY,Yes — first choice for Odisha district estimates where activity/scale matches.
Service Sector Term Loan - Small,MSME finance,Small,No.,80000000,80000000,Odisha district unit cost / SoF,NABARD,2025-26 PLP; unit costs fixed for 2024-25,"Sundargarh, Odisha",Annexure 4 / Annexure 5 (see source notes),https://www.nabard.org/auth/writereaddata/tender/pub_2508251205351832.pdf,"Official Odisha district reference. Indicative, not a quotation. Use with district/business-scale context.",ODISHA_DISTRICT_PRIMARY,Yes — first choice for Odisha district estimates where activity/scale matches.
Service Sector Working Capital - Medium,MSME finance,Medium,No.,30000000,30000000,Odisha district unit cost / SoF,NABARD,2025-26 PLP; unit costs fixed for 2024-25,"Sundargarh, Odisha",Annexure 4 / Annexure 5 (see source notes),https://www.nabard.org/auth/writereaddata/tender/pub_2508251205351832.pdf,"Official Odisha district reference. Indicative, not a quotation. Use with district/business-scale context.",ODISHA_DISTRICT_PRIMARY,Yes — first choice for Odisha district estimates where activity/scale matches.
Service Sector Working Capital - Micro,MSME finance,Micro,No.,500000,500000,Odisha district unit cost / SoF,NABARD,2025-26 PLP; unit costs fixed for 2024-25,"Sundargarh, Odisha",Annexure 4 / Annexure 5 (see source notes),https://www.nabard.org/auth/writereaddata/tender/pub_2508251205351832.pdf,"Official Odisha district reference. Indicative, not a quotation. Use with district/business-scale context.",ODISHA_DISTRICT_PRIMARY,Yes — first choice for Odisha district estimates where activity/scale matches.
Service Sector Working Capital - Small,MSME finance,Small,No.,20000000,20000000,Odisha district unit cost / SoF,NABARD,2025-26 PLP; unit costs fixed for 2024-25,"Sundargarh, Odisha",Annexure 4 / Annexure 5 (see source notes),https://www.nabard.org/auth/writereaddata/tender/pub_2508251205351832.pdf,"Official Odisha district reference. Indicative, not a quotation. Use with district/business-scale context.",ODISHA_DISTRICT_PRIMARY,Yes — first choice for Odisha district estimates where activity/scale matches.
SHG/JLG Other Finance,Community finance,Other,No.,200000,200000,Odisha district unit cost / SoF,NABARD,2025-26 PLP; unit costs fixed for 2024-25,"Sundargarh, Odisha",Annexure 4 / Annexure 5 (see source notes),https://www.nabard.org/auth/writereaddata/tender/pub_2508251205351832.pdf,"Official Odisha district reference. Indicative, not a quotation. Use with district/business-scale context.",ODISHA_DISTRICT_PRIMARY,Yes — first choice for Odisha district estimates where activity/scale matches.
Soil Conservation / Land Levelling,Land development,Land levelling,ha,186160,186160,Odisha district unit cost / SoF,NABARD,2025-26 PLP; unit costs fixed for 2024-25,"Sundargarh, Odisha",Annexure 4 / Annexure 5 (see source notes),https://www.nabard.org/auth/writereaddata/tender/pub_2508251205351832.pdf,"Official Odisha district reference. Indicative, not a quotation. Use with district/business-scale context.",ODISHA_DISTRICT_PRIMARY,Yes — first choice for Odisha district estimates where activity/scale matches.
Solar Energy - Rooftop PV,Renewable energy,Without battery,No.,60000,60000,Odisha district unit cost / SoF,NABARD,2025-26 PLP; unit costs fixed for 2024-25,"Sundargarh, Odisha",Annexure 4 / Annexure 5 (see source notes),https://www.nabard.org/auth/writereaddata/tender/pub_2508251205351832.pdf,"Official Odisha district reference. Indicative, not a quotation. Use with district/business-scale context.",ODISHA_DISTRICT_PRIMARY,Yes — first choice for Odisha district estimates where activity/scale matches.
Solar Energy - Agri Pump A,Renewable energy,Solar agriculture pump,No.,186632,186632,Odisha district unit cost / SoF,NABARD,2025-26 PLP; unit costs fixed for 2024-25,"Sundargarh, Odisha",Annexure 4 / Annexure 5 (see source notes),https://www.nabard.org/auth/writereaddata/tender/pub_2508251205351832.pdf,"Official Odisha district reference. Indicative, not a quotation. Use with district/business-scale context.",ODISHA_DISTRICT_PRIMARY,Yes — first choice for Odisha district estimates where activity/scale matches.
Solar Energy - Agri Pump B,Renewable energy,Solar agriculture pump,No.,260602,260602,Odisha district unit cost / SoF,NABARD,2025-26 PLP; unit costs fixed for 2024-25,"Sundargarh, Odisha",Annexure 4 / Annexure 5 (see source notes),https://www.nabard.org/auth/writereaddata/tender/pub_2508251205351832.pdf,"Official Odisha district reference. Indicative, not a quotation. Use with district/business-scale context.",ODISHA_DISTRICT_PRIMARY,Yes — first choice for Odisha district estimates where activity/scale matches.
Solar Energy - Agri Pump C,Renewable energy,Solar agriculture pump,No.,86660,86660,Odisha district unit cost / SoF,NABARD,2025-26 PLP; unit costs fixed for 2024-25,"Sundargarh, Odisha",Annexure 4 / Annexure 5 (see source notes),https://www.nabard.org/auth/writereaddata/tender/pub_2508251205351832.pdf,"Official Odisha district reference. Indicative, not a quotation. Use with district/business-scale context.",ODISHA_DISTRICT_PRIMARY,Yes — first choice for Odisha district estimates where activity/scale matches.
Solar Energy - Pump Set,Renewable energy,Solar pump set,No.,300000,300000,Odisha district unit cost / SoF,NABARD,2025-26 PLP; unit costs fixed for 2024-25,"Sundargarh, Odisha",Annexure 4 / Annexure 5 (see source notes),https://www.nabard.org/auth/writereaddata/tender/pub_2508251205351832.pdf,"Official Odisha district reference. Indicative, not a quotation. Use with district/business-scale context.",ODISHA_DISTRICT_PRIMARY,Yes — first choice for Odisha district estimates where activity/scale matches.
Spices - Low Reference,Spice cultivation,Spices,acre,133676,133676,Odisha district unit cost / SoF,NABARD,2025-26 PLP; unit costs fixed for 2024-25,"Sundargarh, Odisha",Annexure 4 / Annexure 5 (see source notes),https://www.nabard.org/auth/writereaddata/tender/pub_2508251205351832.pdf,"Official Odisha district reference. Indicative, not a quotation. Use with district/business-scale context.",ODISHA_DISTRICT_PRIMARY,Yes — first choice for Odisha district estimates where activity/scale matches.
Spices - High Reference,Spice cultivation,Spices,acre,150181,150181,Odisha district unit cost / SoF,NABARD,2025-26 PLP; unit costs fixed for 2024-25,"Sundargarh, Odisha",Annexure 4 / Annexure 5 (see source notes),https://www.nabard.org/auth/writereaddata/tender/pub_2508251205351832.pdf,"Official Odisha district reference. Indicative, not a quotation. Use with district/business-scale context.",ODISHA_DISTRICT_PRIMARY,Yes — first choice for Odisha district estimates where activity/scale matches.
Sprinkler Irrigation,Irrigation,Micro,ha,44002,44002,Odisha district unit cost / SoF,NABARD,2025-26 PLP; unit costs fixed for 2024-25,"Sundargarh, Odisha",Annexure 4 / Annexure 5 (see source notes),https://www.nabard.org/auth/writereaddata/tender/pub_2508251205351832.pdf,"Official Odisha district reference. Indicative, not a quotation. Use with district/business-scale context.",ODISHA_DISTRICT_PRIMARY,Yes — first choice for Odisha district estimates where activity/scale matches.
Thresher,Farm mechanization,Multicrop power thresher,No.,252100,252100,Odisha district unit cost / SoF,NABARD,2025-26 PLP; unit costs fixed for 2024-25,"Sundargarh, Odisha",Annexure 4 / Annexure 5 (see source notes),https://www.nabard.org/auth/writereaddata/tender/pub_2508251205351832.pdf,"Official Odisha district reference. Indicative, not a quotation. Use with district/business-scale context.",ODISHA_DISTRICT_PRIMARY,Yes — first choice for Odisha district estimates where activity/scale matches.
Tractor with Implements & Trailer - 27 PTO,Farm mechanization,PTO 27,No.,800000,800000,Odisha district unit cost / SoF,NABARD,2025-26 PLP; unit costs fixed for 2024-25,"Sundargarh, Odisha",Annexure 4 / Annexure 5 (see source notes),https://www.nabard.org/auth/writereaddata/tender/pub_2508251205351832.pdf,"Official Odisha district reference. Indicative, not a quotation. Use with district/business-scale context.",ODISHA_DISTRICT_PRIMARY,Yes — first choice for Odisha district estimates where activity/scale matches.
Tractor with Implements & Trailer - 46 PTO,Farm mechanization,PTO 46,No.,1100000,1100000,Odisha district unit cost / SoF,NABARD,2025-26 PLP; unit costs fixed for 2024-25,"Sundargarh, Odisha",Annexure 4 / Annexure 5 (see source notes),https://www.nabard.org/auth/writereaddata/tender/pub_2508251205351832.pdf,"Official Odisha district reference. Indicative, not a quotation. Use with district/business-scale context.",ODISHA_DISTRICT_PRIMARY,Yes — first choice for Odisha district estimates where activity/scale matches.
Two-Wheeler Loan - Vendor/Farmer,Transport / micro business,Two-wheeler for farmers/milk/vegetable vendors,No.,100000,100000,Odisha district unit cost / SoF,NABARD,2025-26 PLP; unit costs fixed for 2024-25,"Sundargarh, Odisha",Annexure 4 / Annexure 5 (see source notes),https://www.nabard.org/auth/writereaddata/tender/pub_2508251205351832.pdf,"Official Odisha district reference. Indicative, not a quotation. Use with district/business-scale context.",ODISHA_DISTRICT_PRIMARY,Yes — first choice for Odisha district estimates where activity/scale matches.
Private Veterinary Clinic,Healthcare,Private veterinary clinic,No.,1000000,1000000,Odisha district unit cost / SoF,NABARD,2025-26 PLP; unit costs fixed for 2024-25,"Sundargarh, Odisha",Annexure 4 / Annexure 5 (see source notes),https://www.nabard.org/auth/writereaddata/tender/pub_2508251205351832.pdf,"Official Odisha district reference. Indicative, not a quotation. Use with district/business-scale context.",ODISHA_DISTRICT_PRIMARY,Yes — first choice for Odisha district estimates where activity/scale matches.
Paddy Crop - Irrigated SoF,Crop finance,Paddy,acre,37000,37000,Odisha district unit cost / SoF,NABARD,2025-26 PLP; unit costs fixed for 2024-25,"Sundargarh, Odisha",Annexure 4 / Annexure 5 (see source notes),https://www.nabard.org/auth/writereaddata/tender/pub_2508251205351832.pdf,"Official Odisha district reference. Indicative, not a quotation. Use with district/business-scale context.",ODISHA_DISTRICT_PRIMARY,Yes — first choice for Odisha district estimates where activity/scale matches.
Paddy Crop - Rainfed SoF,Crop finance,Paddy,acre,30000,30000,Odisha district unit cost / SoF,NABARD,2025-26 PLP; unit costs fixed for 2024-25,"Sundargarh, Odisha",Annexure 4 / Annexure 5 (see source notes),https://www.nabard.org/auth/writereaddata/tender/pub_2508251205351832.pdf,"Official Odisha district reference. Indicative, not a quotation. Use with district/business-scale context.",ODISHA_DISTRICT_PRIMARY,Yes — first choice for Odisha district estimates where activity/scale matches.
Maize - Irrigated SoF,Crop finance,Maize,acre,37000,37000,Odisha district unit cost / SoF,NABARD,2025-26 PLP; unit costs fixed for 2024-25,"Sundargarh, Odisha",Annexure 4 / Annexure 5 (see source notes),https://www.nabard.org/auth/writereaddata/tender/pub_2508251205351832.pdf,"Official Odisha district reference. Indicative, not a quotation. Use with district/business-scale context.",ODISHA_DISTRICT_PRIMARY,Yes — first choice for Odisha district estimates where activity/scale matches.
Maize - Rainfed SoF,Crop finance,Maize,acre,25000,25000,Odisha district unit cost / SoF,NABARD,2025-26 PLP; unit costs fixed for 2024-25,"Sundargarh, Odisha",Annexure 4 / Annexure 5 (see source notes),https://www.nabard.org/auth/writereaddata/tender/pub_2508251205351832.pdf,"Official Odisha district reference. Indicative, not a quotation. Use with district/business-scale context.",ODISHA_DISTRICT_PRIMARY,Yes — first choice for Odisha district estimates where activity/scale matches.
Groundnut - Rainfed SoF,Crop finance,Groundnut,acre,28000,28000,Odisha district unit cost / SoF,NABARD,2025-26 PLP; unit costs fixed for 2024-25,"Sundargarh, Odisha",Annexure 4 / Annexure 5 (see source notes),https://www.nabard.org/auth/writereaddata/tender/pub_2508251205351832.pdf,"Official Odisha district reference. Indicative, not a quotation. Use with district/business-scale context.",ODISHA_DISTRICT_PRIMARY,Yes — first choice for Odisha district estimates where activity/scale matches.
Chilli - Irrigated SoF,Crop finance,Chilli,acre,50000,50000,Odisha district unit cost / SoF,NABARD,2025-26 PLP; unit costs fixed for 2024-25,"Sundargarh, Odisha",Annexure 4 / Annexure 5 (see source notes),https://www.nabard.org/auth/writereaddata/tender/pub_2508251205351832.pdf,"Official Odisha district reference. Indicative, not a quotation. Use with district/business-scale context.",ODISHA_DISTRICT_PRIMARY,Yes — first choice for Odisha district estimates where activity/scale matches.
Ginger - Irrigated SoF,Crop finance,Ginger,acre,100000,100000,Odisha district unit cost / SoF,NABARD,2025-26 PLP; unit costs fixed for 2024-25,"Sundargarh, Odisha",Annexure 4 / Annexure 5 (see source notes),https://www.nabard.org/auth/writereaddata/tender/pub_2508251205351832.pdf,"Official Odisha district reference. Indicative, not a quotation. Use with district/business-scale context.",ODISHA_DISTRICT_PRIMARY,Yes — first choice for Odisha district estimates where activity/scale matches.
Turmeric - Irrigated SoF,Crop finance,Turmeric,acre,90000,90000,Odisha district unit cost / SoF,NABARD,2025-26 PLP; unit costs fixed for 2024-25,"Sundargarh, Odisha",Annexure 4 / Annexure 5 (see source notes),https://www.nabard.org/auth/writereaddata/tender/pub_2508251205351832.pdf,"Official Odisha district reference. Indicative, not a quotation. Use with district/business-scale context.",ODISHA_DISTRICT_PRIMARY,Yes — first choice for Odisha district estimates where activity/scale matches.
Potato - Irrigated SoF,Crop finance,Potato,acre,70000,70000,Odisha district unit cost / SoF,NABARD,2025-26 PLP; unit costs fixed for 2024-25,"Sundargarh, Odisha",Annexure 4 / Annexure 5 (see source notes),https://www.nabard.org/auth/writereaddata/tender/pub_2508251205351832.pdf,"Official Odisha district reference. Indicative, not a quotation. Use with district/business-scale context.",ODISHA_DISTRICT_PRIMARY,Yes — first choice for Odisha district estimates where activity/scale matches.
Other Vegetables SoF,Crop finance,Other vegetables,acre,35000,35000,Odisha district unit cost / SoF,NABARD,2025-26 PLP; unit costs fixed for 2024-25,"Sundargarh, Odisha",Annexure 4 / Annexure 5 (see source notes),https://www.nabard.org/auth/writereaddata/tender/pub_2508251205351832.pdf,"Official Odisha district reference. Indicative, not a quotation. Use with district/business-scale context.",ODISHA_DISTRICT_PRIMARY,Yes — first choice for Odisha district estimates where activity/scale matches.
Rice / Paddy - Irrigated Alternative,Crop finance,Rice,acre,37000,37000,Odisha district unit cost / SoF,NABARD,2025-26 PLP; unit costs fixed for 2024-25,"Sundargarh, Odisha",Annexure 4 / Annexure 5 (see source notes),https://www.nabard.org/auth/writereaddata/tender/pub_2508251205351832.pdf,"Official Odisha district reference. Indicative, not a quotation. Use with district/business-scale context.",ODISHA_DISTRICT_PRIMARY,Yes — first choice for Odisha district estimates where activity/scale matches.
Rice / Paddy - Rainfed Alternative,Crop finance,Rice,acre,30000,30000,Odisha district unit cost / SoF,NABARD,2025-26 PLP; unit costs fixed for 2024-25,"Sundargarh, Odisha",Annexure 4 / Annexure 5 (see source notes),https://www.nabard.org/auth/writereaddata/tender/pub_2508251205351832.pdf,"Official Odisha district reference. Indicative, not a quotation. Use with district/business-scale context.",ODISHA_DISTRICT_PRIMARY,Yes — first choice for Odisha district estimates where activity/scale matches.
Finger Millet - Irrigated SoF,Crop finance,Ragi,acre,14000,14000,Odisha district unit cost / SoF,NABARD,2025-26 PLP; unit costs fixed for 2024-25,"Sundargarh, Odisha",Annexure 4 / Annexure 5 (see source notes),https://www.nabard.org/auth/writereaddata/tender/pub_2508251205351832.pdf,"Official Odisha district reference. Indicative, not a quotation. Use with district/business-scale context.",ODISHA_DISTRICT_PRIMARY,Yes — first choice for Odisha district estimates where activity/scale matches.
Finger Millet - Rainfed SoF,Crop finance,Ragi,acre,13000,13000,Odisha district unit cost / SoF,NABARD,2025-26 PLP; unit costs fixed for 2024-25,"Sundargarh, Odisha",Annexure 4 / Annexure 5 (see source notes),https://www.nabard.org/auth/writereaddata/tender/pub_2508251205351832.pdf,"Official Odisha district reference. Indicative, not a quotation. Use with district/business-scale context.",ODISHA_DISTRICT_PRIMARY,Yes — first choice for Odisha district estimates where activity/scale matches.
Cowpea SoF,Crop finance,Cowpea,acre,15000,15000,Odisha district unit cost / SoF,NABARD,2025-26 PLP; unit costs fixed for 2024-25,"Sundargarh, Odisha",Annexure 4 / Annexure 5 (see source notes),https://www.nabard.org/auth/writereaddata/tender/pub_2508251205351832.pdf,"Official Odisha district reference. Indicative, not a quotation. Use with district/business-scale context.",ODISHA_DISTRICT_PRIMARY,Yes — first choice for Odisha district estimates where activity/scale matches.
Green Gram SoF,Crop finance,Green gram,acre,16500,16500,Odisha district unit cost / SoF,NABARD,2025-26 PLP; unit costs fixed for 2024-25,"Sundargarh, Odisha",Annexure 4 / Annexure 5 (see source notes),https://www.nabard.org/auth/writereaddata/tender/pub_2508251205351832.pdf,"Official Odisha district reference. Indicative, not a quotation. Use with district/business-scale context.",ODISHA_DISTRICT_PRIMARY,Yes — first choice for Odisha district estimates where activity/scale matches.
Black Gram SoF,Crop finance,Black gram,acre,16500,16500,Odisha district unit cost / SoF,NABARD,2025-26 PLP; unit costs fixed for 2024-25,"Sundargarh, Odisha",Annexure 4 / Annexure 5 (see source notes),https://www.nabard.org/auth/writereaddata/tender/pub_2508251205351832.pdf,"Official Odisha district reference. Indicative, not a quotation. Use with district/business-scale context.",ODISHA_DISTRICT_PRIMARY,Yes — first choice for Odisha district estimates where activity/scale matches.
Horse Gram SoF,Crop finance,Horse gram,acre,14000,14000,Odisha district unit cost / SoF,NABARD,2025-26 PLP; unit costs fixed for 2024-25,"Sundargarh, Odisha",Annexure 4 / Annexure 5 (see source notes),https://www.nabard.org/auth/writereaddata/tender/pub_2508251205351832.pdf,"Official Odisha district reference. Indicative, not a quotation. Use with district/business-scale context.",ODISHA_DISTRICT_PRIMARY,Yes — first choice for Odisha district estimates where activity/scale matches.
Pigeon Pea SoF,Crop finance,Pigeon pea,acre,17000,17000,Odisha district unit cost / SoF,NABARD,2025-26 PLP; unit costs fixed for 2024-25,"Sundargarh, Odisha",Annexure 4 / Annexure 5 (see source notes),https://www.nabard.org/auth/writereaddata/tender/pub_2508251205351832.pdf,"Official Odisha district reference. Indicative, not a quotation. Use with district/business-scale context.",ODISHA_DISTRICT_PRIMARY,Yes — first choice for Odisha district estimates where activity/scale matches.
Sesame SoF,Crop finance,Sesame,acre,13000,13000,Odisha district unit cost / SoF,NABARD,2025-26 PLP; unit costs fixed for 2024-25,"Sundargarh, Odisha",Annexure 4 / Annexure 5 (see source notes),https://www.nabard.org/auth/writereaddata/tender/pub_2508251205351832.pdf,"Official Odisha district reference. Indicative, not a quotation. Use with district/business-scale context.",ODISHA_DISTRICT_PRIMARY,Yes — first choice for Odisha district estimates where activity/scale matches.
Fodder Development SoF,Crop finance,"Fodder, 10 MT",10 MT,24697,24697,Odisha district unit cost / SoF,NABARD,2025-26 PLP; unit costs fixed for 2024-25,"Sundargarh, Odisha",Annexure 4 / Annexure 5 (see source notes),https://www.nabard.org/auth/writereaddata/tender/pub_2508251205351832.pdf,"Official Odisha district reference. Indicative, not a quotation. Use with district/business-scale context.",ODISHA_DISTRICT_PRIMARY,Yes — first choice for Odisha district estimates where activity/scale matches.
Fish Pond Polyculture SoF,Fisheries finance,Composite fish culture,unit,180000,180000,Odisha district unit cost / SoF,NABARD,2025-26 PLP; unit costs fixed for 2024-25,"Sundargarh, Odisha",Annexure 4 / Annexure 5 (see source notes),https://www.nabard.org/auth/writereaddata/tender/pub_2508251205351832.pdf,"Official Odisha district reference. Indicative, not a quotation. Use with district/business-scale context.",ODISHA_DISTRICT_PRIMARY,Yes — first choice for Odisha district estimates where activity/scale matches.
Goat Farming SoF,Livestock finance,Semi-intensive rearing,unit,35000,35000,Odisha district unit cost / SoF,NABARD,2025-26 PLP; unit costs fixed for 2024-25,"Sundargarh, Odisha",Annexure 4 / Annexure 5 (see source notes),https://www.nabard.org/auth/writereaddata/tender/pub_2508251205351832.pdf,"Official Odisha district reference. Indicative, not a quotation. Use with district/business-scale context.",ODISHA_DISTRICT_PRIMARY,Yes — first choice for Odisha district estimates where activity/scale matches.
Pig Farming SoF,Livestock finance,Rearing unit,unit,284500,284500,Odisha district unit cost / SoF,NABARD,2025-26 PLP; unit costs fixed for 2024-25,"Sundargarh, Odisha",Annexure 4 / Annexure 5 (see source notes),https://www.nabard.org/auth/writereaddata/tender/pub_2508251205351832.pdf,"Official Odisha district reference. Indicative, not a quotation. Use with district/business-scale context.",ODISHA_DISTRICT_PRIMARY,Yes — first choice for Odisha district estimates where activity/scale matches.
Layer Farming SoF,Poultry finance,"Semi-automated cage, 10,000 birds",10000 birds,4182300,4182300,Odisha district unit cost / SoF,NABARD,2025-26 PLP; unit costs fixed for 2024-25,"Sundargarh, Odisha",Annexure 4 / Annexure 5 (see source notes),https://www.nabard.org/auth/writereaddata/tender/pub_2508251205351832.pdf,"Official Odisha district reference. Indicative, not a quotation. Use with district/business-scale context.",ODISHA_DISTRICT_PRIMARY,Yes — first choice for Odisha district estimates where activity/scale matches.
Broiler Farming SoF,Poultry finance,1000 birds,1000 birds,208450,208450,Odisha district unit cost / SoF,NABARD,2025-26 PLP; unit costs fixed for 2024-25,"Sundargarh, Odisha",Annexure 4 / Annexure 5 (see source notes),https://www.nabard.org/auth/writereaddata/tender/pub_2508251205351832.pdf,"Official Odisha district reference. Indicative, not a quotation. Use with district/business-scale context.",ODISHA_DISTRICT_PRIMARY,Yes — first choice for Odisha district estimates where activity/scale matches.
Buffalo Farming SoF,Dairy finance,Murrah buffalo,animal,66350,66350,Odisha district unit cost / SoF,NABARD,2025-26 PLP; unit costs fixed for 2024-25,"Sundargarh, Odisha",Annexure 4 / Annexure 5 (see source notes),https://www.nabard.org/auth/writereaddata/tender/pub_2508251205351832.pdf,"Official Odisha district reference. Indicative, not a quotation. Use with district/business-scale context.",ODISHA_DISTRICT_PRIMARY,Yes — first choice for Odisha district estimates where activity/scale matches.
Crossbred Farming SoF,Dairy finance,Crossbred,animal,60000,60000,Odisha district unit cost / SoF,NABARD,2025-26 PLP; unit costs fixed for 2024-25,"Sundargarh, Odisha",Annexure 4 / Annexure 5 (see source notes),https://www.nabard.org/auth/writereaddata/tender/pub_2508251205351832.pdf,"Official Odisha district reference. Indicative, not a quotation. Use with district/business-scale context.",ODISHA_DISTRICT_PRIMARY,Yes — first choice for Odisha district estimates where activity/scale matches.
Desi Chicken Semi-commercial SoF,Poultry finance,100 birds,100 birds,20000,20000,Odisha district unit cost / SoF,NABARD,2025-26 PLP; unit costs fixed for 2024-25,"Sundargarh, Odisha",Annexure 4 / Annexure 5 (see source notes),https://www.nabard.org/auth/writereaddata/tender/pub_2508251205351832.pdf,"Official Odisha district reference. Indicative, not a quotation. Use with district/business-scale context.",ODISHA_DISTRICT_PRIMARY,Yes — first choice for Odisha district estimates where activity/scale matches.
Integrated Farming SoF,Integrated farming,Fisheries + poultry + horticulture,unit,200000,200000,Odisha district unit cost / SoF,NABARD,2025-26 PLP; unit costs fixed for 2024-25,"Sundargarh, Odisha",Annexure 4 / Annexure 5 (see source notes),https://www.nabard.org/auth/writereaddata/tender/pub_2508251205351832.pdf,"Official Odisha district reference. Indicative, not a quotation. Use with district/business-scale context.",ODISHA_DISTRICT_PRIMARY,Yes — first choice for Odisha district estimates where activity/scale matches.
Integrated Farming - Boiler 250 birds,Integrated farming,Fisheries + poultry,unit,232000,232000,Odisha district unit cost / SoF,NABARD,2025-26 PLP; unit costs fixed for 2024-25,"Sundargarh, Odisha",Annexure 4 / Annexure 5 (see source notes),https://www.nabard.org/auth/writereaddata/tender/pub_2508251205351832.pdf,"Official Odisha district reference. Indicative, not a quotation. Use with district/business-scale context.",ODISHA_DISTRICT_PRIMARY,Yes — first choice for Odisha district estimates where activity/scale matches.
Cable TV Network / Computer Centre (Cyber Cafe & Xerox),Digital services,Observed beneficiary project,project,200000,200000,Observed Odisha PMEGP sanctioned/claimed project cost,KVIC / PMEGP,2022-2026 examples in portal,Odisha,,https://kviconline.gov.in/pmegpeportal/jsp/PMEGPGenbulk.jsp?APP_ID=++AND+ZONE_NM+%3D+%27East%27++++AND+OFF_NAME1+%3D+%27Odisha%27,PMEGP Odisha claims PDF; Kendrapara. Observed project cost; not a generic standard cost.,ODISHA_OBSERVED_PRIMARY,"Yes — observed Odisha project cost; show as an observed reference, not a standard."
Nursing Home,Healthcare,Observed beneficiary project,project,2105263,2105263,Observed Odisha PMEGP sanctioned/claimed project cost,KVIC / PMEGP,2022-2026 examples in portal,Odisha,,https://kviconline.gov.in/pmegpeportal/jsp/PMEGPGenbulk.jsp?APP_ID=++AND+ZONE_NM+%3D+%27East%27++++AND+OFF_NAME1+%3D+%27Odisha%27,PMEGP Odisha claims PDF; Dhenkanal. Observed project cost; not a generic standard cost.,ODISHA_OBSERVED_PRIMARY,"Yes — observed Odisha project cost; show as an observed reference, not a standard."
Fabrication Work,Manufacturing/service,Observed beneficiary project,project,1000000,1000000,Observed Odisha PMEGP sanctioned/claimed project cost,KVIC / PMEGP,2022-2026 examples in portal,Odisha,,https://kviconline.gov.in/pmegpeportal/jsp/PMEGPGenbulk.jsp?APP_ID=++AND+ZONE_NM+%3D+%27East%27++++AND+OFF_NAME1+%3D+%27Odisha%27,PMEGP Odisha claims PDF; Keonjhar. Observed project cost; not a generic standard cost.,ODISHA_OBSERVED_PRIMARY,"Yes — observed Odisha project cost; show as an observed reference, not a standard."
Tent House Services,Event services,Observed beneficiary project,project,550000,550000,Observed Odisha PMEGP sanctioned/claimed project cost,KVIC / PMEGP,2022-2026 examples in portal,Odisha,,https://kviconline.gov.in/pmegpeportal/jsp/PMEGPGenbulk.jsp?APP_ID=++AND+ZONE_NM+%3D+%27East%27++++AND+OFF_NAME1+%3D+%27Odisha%27,PMEGP Odisha claims PDF; Puri. Observed project cost; not a generic standard cost.,ODISHA_OBSERVED_PRIMARY,"Yes — observed Odisha project cost; show as an observed reference, not a standard."
Hotel,Hospitality,Observed beneficiary project,project,105555,105555,Observed Odisha PMEGP sanctioned/claimed project cost,KVIC / PMEGP,2022-2026 examples in portal,Odisha,,https://kviconline.gov.in/pmegpeportal/jsp/PMEGPGenbulk.jsp?APP_ID=++AND+ZONE_NM+%3D+%27East%27++++AND+OFF_NAME1+%3D+%27Odisha%27,PMEGP Odisha claims PDF; Sundargarh. Observed project cost; not a generic standard cost.,ODISHA_OBSERVED_PRIMARY,"Yes — observed Odisha project cost; show as an observed reference, not a standard."
Carved Wood / Artistic Furniture,Furniture / manufacturing,Observed beneficiary project,project,3850000,3850000,Observed Odisha PMEGP sanctioned/claimed project cost,KVIC / PMEGP,2022-2026 examples in portal,Odisha,,https://kviconline.gov.in/pmegpeportal/jsp/PMEGPGenbulk.jsp?APP_ID=++AND+ZONE_NM+%3D+%27East%27++++AND+OFF_NAME1+%3D+%27Odisha%27,PMEGP Odisha claims PDF; Balasore. Observed project cost; not a generic standard cost.,ODISHA_OBSERVED_PRIMARY,"Yes — observed Odisha project cost; show as an observed reference, not a standard."
Hiring of Civil Construction Materials,Construction rental/services,Observed beneficiary project,project,263158,263158,Observed Odisha PMEGP sanctioned/claimed project cost,KVIC / PMEGP,2022-2026 examples in portal,Odisha,,https://kviconline.gov.in/pmegpeportal/jsp/PMEGPGenbulk.jsp?APP_ID=++AND+ZONE_NM+%3D+%27East%27++++AND+OFF_NAME1+%3D+%27Odisha%27,PMEGP Odisha claims PDF; Balasore. Observed project cost; not a generic standard cost.,ODISHA_OBSERVED_PRIMARY,"Yes — observed Odisha project cost; show as an observed reference, not a standard."
Mechanised Wood Carving Furniture,Furniture / manufacturing,Observed beneficiary project,project,2500000,2500000,Observed Odisha PMEGP sanctioned/claimed project cost,KVIC / PMEGP,2022-2026 examples in portal,Odisha,,https://kviconline.gov.in/pmegpeportal/jsp/PMEGPGenbulk.jsp?APP_ID=++AND+ZONE_NM+%3D+%27East%27++++AND+OFF_NAME1+%3D+%27Odisha%27,PMEGP Odisha claims PDF; Koraput. Observed project cost; not a generic standard cost.,ODISHA_OBSERVED_PRIMARY,"Yes — observed Odisha project cost; show as an observed reference, not a standard."
Mixture Manufacturing,Manufacturing,Observed beneficiary project,project,800000,800000,Observed Odisha PMEGP sanctioned/claimed project cost,KVIC / PMEGP,2022-2026 examples in portal,Odisha,,https://kviconline.gov.in/pmegpeportal/jsp/PMEGPGenbulk.jsp?APP_ID=++AND+ZONE_NM+%3D+%27East%27++++AND+OFF_NAME1+%3D+%27Odisha%27,PMEGP Odisha claims PDF; Nayagarh. Observed project cost; not a generic standard cost.,ODISHA_OBSERVED_PRIMARY,"Yes — observed Odisha project cost; show as an observed reference, not a standard."
Namkeen Mixer Food Industry,Food processing,Observed beneficiary project,project,800000,800000,Observed Odisha PMEGP sanctioned/claimed project cost,KVIC / PMEGP,2022-2026 examples in portal,Odisha,,https://kviconline.gov.in/pmegpeportal/jsp/PMEGPGenbulk.jsp?APP_ID=++AND+ZONE_NM+%3D+%27East%27++++AND+OFF_NAME1+%3D+%27Odisha%27,PMEGP Odisha claims PDF; Odisha. Observed project cost; not a generic standard cost.,ODISHA_OBSERVED_PRIMARY,"Yes — observed Odisha project cost; show as an observed reference, not a standard."
Tailoring / Readymade Garments,Garments,Observed beneficiary project,project,1000000,1000000,Observed Odisha PMEGP sanctioned/claimed project cost,KVIC / PMEGP,2022-2026 examples in portal,Odisha,,https://kviconline.gov.in/pmegpeportal/jsp/PMEGPGenbulk.jsp?APP_ID=++AND+ZONE_NM+%3D+%27East%27++++AND+OFF_NAME1+%3D+%27Odisha%27,PMEGP Odisha claims PDF; Khurda. Observed project cost; not a generic standard cost.,ODISHA_OBSERVED_PRIMARY,"Yes — observed Odisha project cost; show as an observed reference, not a standard."
Video & Photo Studio / Xerox,Digital services,Observed beneficiary project,project,900000,900000,Observed Odisha PMEGP sanctioned/claimed project cost,KVIC / PMEGP,2022-2026 examples in portal,Odisha,,https://kviconline.gov.in/pmegpeportal/jsp/PMEGPGenbulk.jsp?APP_ID=++AND+ZONE_NM+%3D+%27East%27++++AND+OFF_NAME1+%3D+%27Odisha%27,PMEGP Odisha claims PDF; Kalahandi. Observed project cost; not a generic standard cost.,ODISHA_OBSERVED_PRIMARY,"Yes — observed Odisha project cost; show as an observed reference, not a standard."
Tent House,Event services,Observed beneficiary project,project,252632,252632,Observed Odisha PMEGP sanctioned/claimed project cost,KVIC / PMEGP,2022-2026 examples in portal,Odisha,,https://kviconline.gov.in/pmegpeportal/jsp/PMEGPGenbulk.jsp?APP_ID=++AND+ZONE_NM+%3D+%27East%27++++AND+OFF_NAME1+%3D+%27Odisha%27,PMEGP Odisha claims PDF; Kalahandi. Observed project cost; not a generic standard cost.,ODISHA_OBSERVED_PRIMARY,"Yes — observed Odisha project cost; show as an observed reference, not a standard."
Grocery Store,Retail (scheme-constrained),Observed beneficiary project,project,263158,263158,Observed Odisha PMEGP sanctioned/claimed project cost,KVIC / PMEGP,2022-2026 examples in portal,Odisha,,https://kviconline.gov.in/pmegpeportal/jsp/PMEGPGenbulk.jsp?APP_ID=++AND+ZONE_NM+%3D+%27East%27++++AND+OFF_NAME1+%3D+%27Odisha%27,PMEGP Odisha claims PDF; Rayagada; activity shown with PMEGP restriction. Observed project cost; not a generic standard cost.,ODISHA_OBSERVED_PRIMARY,"Yes — observed Odisha project cost; show as an observed reference, not a standard."
Fly Ash Bricks Manufacturing Unit,Construction-material manufacturing,Observed beneficiary project,project,2500000,2500000,Observed Odisha PMEGP sanctioned/claimed project cost,KVIC / PMEGP,2022-2026 examples in portal,Odisha,,https://kviconline.gov.in/pmegpeportal/jsp/PMEGPGenbulk.jsp?APP_ID=++AND+ZONE_NM+%3D+%27East%27++++AND+OFF_NAME1+%3D+%27Odisha%27,PMEGP Odisha claims PDF; Balasore. Observed project cost; not a generic standard cost.,ODISHA_OBSERVED_PRIMARY,"Yes — observed Odisha project cost; show as an observed reference, not a standard."
Public / Rural Transport Service,Transport & logistics,Observed PMEGP project,project,1295000,1295000,Observed Odisha PMEGP sanctioned/claimed project cost,KVIC / PMEGP,2022-2026 examples in portal,Odisha,,https://kviconline.gov.in/pmegpeportal/jsp/PMEGPGenbulk.jsp?APP_ID=++AND+ZONE_NM+%3D+%27East%27++++AND+OFF_NAME1+%3D+%27Odisha%27,PMEGP Odisha portal example. Observed project cost; not a generic standard cost.,ODISHA_OBSERVED_PRIMARY,"Yes — observed Odisha project cost; show as an observed reference, not a standard."
Tractor with accessories – 15 to 25 HP,Farm mechanization,15–25 HP,unit,400000,600000,range,NABARD,2025-26,Andhra Pradesh,78,https://www.nabard.org/auth/writereaddata/tender/pub_2409250327511846.pdf,,OFFICIAL_FALLBACK,Fallback reference.
Tractor with accessories – 26 to 35 HP,Farm mechanization,26–35 HP,unit,620000,680000,range,NABARD,2025-26,Andhra Pradesh,78,https://www.nabard.org/auth/writereaddata/tender/pub_2409250327511846.pdf,,OFFICIAL_FALLBACK,Fallback reference.
Tractor with accessories – 36 to 45 HP,Farm mechanization,36–45 HP,unit,680000,780000,range,NABARD,2025-26,Andhra Pradesh,78,https://www.nabard.org/auth/writereaddata/tender/pub_2409250327511846.pdf,,OFFICIAL_FALLBACK,Fallback reference.
Tractor with accessories – 46 to 55 HP,Farm mechanization,46–55 HP,unit,800000,980000,range,NABARD,2025-26,Andhra Pradesh,78,https://www.nabard.org/auth/writereaddata/tender/pub_2409250327511846.pdf,,OFFICIAL_FALLBACK,Fallback reference.
Tractor with accessories – 56 to 60 HP,Farm mechanization,56–60 HP,unit,980000,1080000,range,NABARD,2025-26,Andhra Pradesh,78,https://www.nabard.org/auth/writereaddata/tender/pub_2409250327511846.pdf,,OFFICIAL_FALLBACK,Fallback reference.
Trolley – two wheel hydraulic,Farm mechanization,Two-wheel hydraulic,unit,160000,190000,range,NABARD,2025-26,Andhra Pradesh,78,https://www.nabard.org/auth/writereaddata/tender/pub_2409250327511846.pdf,,OFFICIAL_FALLBACK,Fallback reference.
Power tiller,Farm mechanization,6–12 HP,unit,175000,300000,range,NABARD,2025-26,Andhra Pradesh,78,https://www.nabard.org/auth/writereaddata/tender/pub_2409250327511846.pdf,,OFFICIAL_FALLBACK,Fallback reference.
Seed cum fertilizer drill,Farm mechanization,1 m width,unit,80000,150000,range,NABARD,2025-26,Andhra Pradesh,78,https://www.nabard.org/auth/writereaddata/tender/pub_2409250327511846.pdf,,OFFICIAL_FALLBACK,Fallback reference.
Paddy transplanter,Farm mechanization,"4, 6 & 8 rows",unit,230000,460000,range,NABARD,2025-26,Andhra Pradesh,78-79,https://www.nabard.org/auth/writereaddata/tender/pub_2409250327511846.pdf,,OFFICIAL_FALLBACK,Fallback reference.
M.B. plough,Farm mechanization,2/3 furrows,unit,40000,75000,range,NABARD,2025-26,Andhra Pradesh,79,https://www.nabard.org/auth/writereaddata/tender/pub_2409250327511846.pdf,,OFFICIAL_FALLBACK,Fallback reference.
Reversible M.B. plough,Farm mechanization,2/3 furrows,unit,75000,110000,range,NABARD,2025-26,Andhra Pradesh,79,https://www.nabard.org/auth/writereaddata/tender/pub_2409250327511846.pdf,,OFFICIAL_FALLBACK,Fallback reference.
Disc plough,Farm mechanization,2/3 discs,unit,50000,80000,range,NABARD,2025-26,Andhra Pradesh,79,https://www.nabard.org/auth/writereaddata/tender/pub_2409250327511846.pdf,,OFFICIAL_FALLBACK,Fallback reference.
Disc harrow,Farm mechanization,12–30 discs,unit,60000,90000,range,NABARD,2025-26,Andhra Pradesh,79,https://www.nabard.org/auth/writereaddata/tender/pub_2409250327511846.pdf,,OFFICIAL_FALLBACK,Fallback reference.
Cultivator,Farm mechanization,7–11 tine,unit,25000,50000,range,NABARD,2025-26,Andhra Pradesh,79,https://www.nabard.org/auth/writereaddata/tender/pub_2409250327511846.pdf,,OFFICIAL_FALLBACK,Fallback reference.
Rotovator,Farm mechanization,540 and 1000 rpm PTO,unit,125000,160000,range,NABARD,2025-26,Andhra Pradesh,79,https://www.nabard.org/auth/writereaddata/tender/pub_2409250327511846.pdf,,OFFICIAL_FALLBACK,Fallback reference.
Thresher,Farm mechanization,30–45 HP PTO driven,unit,140000,320000,range,NABARD,2025-26,Andhra Pradesh,79,https://www.nabard.org/auth/writereaddata/tender/pub_2409250327511846.pdf,,OFFICIAL_FALLBACK,Fallback reference.
Bullock drawn M.B. plough,Farm mechanization,Bullock drawn,unit,8000,35000,range,NABARD,2025-26,Andhra Pradesh,80,https://www.nabard.org/auth/writereaddata/tender/pub_2409250327511846.pdf,,OFFICIAL_FALLBACK,Fallback reference.
Groundnut decorticator – hand operated,Farm mechanization,Hand operated,unit,14000,22000,range,NABARD,2025-26,Andhra Pradesh,80,https://www.nabard.org/auth/writereaddata/tender/pub_2409250327511846.pdf,,OFFICIAL_FALLBACK,Fallback reference.
Groundnut decorticator – machine operated,Farm mechanization,Machine operated,unit,50000,110000,range,NABARD,2025-26,Andhra Pradesh,80,https://www.nabard.org/auth/writereaddata/tender/pub_2409250327511846.pdf,,OFFICIAL_FALLBACK,Fallback reference.
Combine harvester,Farm mechanization,Combine harvester,unit,1400000,2900000,range,NABARD,2025-26,Andhra Pradesh,80,https://www.nabard.org/auth/writereaddata/tender/pub_2409250327511846.pdf,,OFFICIAL_FALLBACK,Fallback reference.
Turmeric cooking machine,Agro-processing equipment,4 drums,unit,550000,550000,fixed_reference,NABARD,2025-26,Andhra Pradesh,80,https://www.nabard.org/auth/writereaddata/tender/pub_2409250327511846.pdf,,OFFICIAL_FALLBACK,Fallback reference.
Laser guided land leveller,Farm mechanization,Laser guided,unit,470000,470000,fixed_reference,NABARD,2025-26,Andhra Pradesh,80,https://www.nabard.org/auth/writereaddata/tender/pub_2409250327511846.pdf,,OFFICIAL_FALLBACK,Fallback reference.
Rotary mulcher with tractor,Farm mechanization,Tractor mounted,unit,110000,170000,range,NABARD,2025-26,Andhra Pradesh,80,https://www.nabard.org/auth/writereaddata/tender/pub_2409250327511846.pdf,,OFFICIAL_FALLBACK,Fallback reference.
Mini power weeder,Farm mechanization,2 HP,unit,20000,25000,range,NABARD,2025-26,Andhra Pradesh,80,https://www.nabard.org/auth/writereaddata/tender/pub_2409250327511846.pdf,,OFFICIAL_FALLBACK,Fallback reference.
Medium power weeder,Farm mechanization,4.8 HP,unit,50000,50000,fixed_reference,NABARD,2025-26,Andhra Pradesh,80-81,https://www.nabard.org/auth/writereaddata/tender/pub_2409250327511846.pdf,,OFFICIAL_FALLBACK,Fallback reference.
Solar fencing,Farm infrastructure,"5-line, 7-ft poles",per acre,80000,80000,fixed_reference,NABARD,2025-26,Andhra Pradesh,81,https://www.nabard.org/auth/writereaddata/tender/pub_2409250327511846.pdf,,OFFICIAL_FALLBACK,Fallback reference.
Sugarcane harvester,Farm mechanization,Harvester,unit,10000000,15000000,range,NABARD,2025-26,Andhra Pradesh,81,https://www.nabard.org/auth/writereaddata/tender/pub_2409250327511846.pdf,,OFFICIAL_FALLBACK,Fallback reference.
Paddy reaper,Farm mechanization,Reaper,unit,200000,200000,fixed_reference,NABARD,2025-26,Andhra Pradesh,81,https://www.nabard.org/auth/writereaddata/tender/pub_2409250327511846.pdf,,OFFICIAL_FALLBACK,Fallback reference.
Paddy straw baler – square,Farm mechanization,Tractor operated,unit,350000,1850000,range,NABARD,2025-26,Andhra Pradesh,81,https://www.nabard.org/auth/writereaddata/tender/pub_2409250327511846.pdf,,OFFICIAL_FALLBACK,Fallback reference.
Paddy straw baler – round,Farm mechanization,Tractor operated,unit,105000,1350000,range,NABARD,2025-26,Andhra Pradesh,81,https://www.nabard.org/auth/writereaddata/tender/pub_2409250327511846.pdf,,OFFICIAL_FALLBACK,Fallback reference.
Automatic seedling machine,Farm mechanization,Automatic,unit,230000,350000,range,NABARD,2025-26,Andhra Pradesh,81,https://www.nabard.org/auth/writereaddata/tender/pub_2409250327511846.pdf,,OFFICIAL_FALLBACK,Fallback reference.
Shredder,Farm mechanization,Agricultural shredder,unit,180000,210000,range,NABARD,2025-26,Andhra Pradesh,81,https://www.nabard.org/auth/writereaddata/tender/pub_2409250327511846.pdf,,OFFICIAL_FALLBACK,Fallback reference.
Paddy winnower cleaner,Farm mechanization,Cleaner,unit,200000,200000,fixed_reference,NABARD,2025-26,Andhra Pradesh,81,https://www.nabard.org/auth/writereaddata/tender/pub_2409250327511846.pdf,,OFFICIAL_FALLBACK,Fallback reference.
Agri-backhoe loader,Farm mechanization,Backhoe loader,unit,350000,420000,range,NABARD,2025-26,Andhra Pradesh,81,https://www.nabard.org/auth/writereaddata/tender/pub_2409250327511846.pdf,,OFFICIAL_FALLBACK,Fallback reference.
Brush cutter,Farm mechanization,Brush cutter,unit,12000,28000,range,NABARD,2025-26,Andhra Pradesh,82,https://www.nabard.org/auth/writereaddata/tender/pub_2409250327511846.pdf,,OFFICIAL_FALLBACK,Fallback reference.
Chaff cutter,Farm mechanization,Chaff cutter,unit,32000,100000,range,NABARD,2025-26,Andhra Pradesh,82,https://www.nabard.org/auth/writereaddata/tender/pub_2409250327511846.pdf,,OFFICIAL_FALLBACK,Fallback reference.
Chaff cutter cum pulveriser,Farm mechanization,Combined machine,unit,55000,60000,range,NABARD,2025-26,Andhra Pradesh,82,https://www.nabard.org/auth/writereaddata/tender/pub_2409250327511846.pdf,,OFFICIAL_FALLBACK,Fallback reference.
Mini feed mixing plant,Agro-processing equipment,Mini plant,unit,150000,150000,fixed_reference,NABARD,2025-26,Andhra Pradesh,82,https://www.nabard.org/auth/writereaddata/tender/pub_2409250327511846.pdf,,OFFICIAL_FALLBACK,Fallback reference.
Solar/electrical pest repellent,Farm infrastructure,Solar/electrical,unit,12000,30000,range,NABARD,2025-26,Andhra Pradesh,82,https://www.nabard.org/auth/writereaddata/tender/pub_2409250327511846.pdf,,OFFICIAL_FALLBACK,Fallback reference.
Agriculture drone – spray,Agri-tech,10 Litre spray capacity,unit,650000,1000000,range,NABARD,2025-26,Andhra Pradesh,82,https://www.nabard.org/auth/writereaddata/tender/pub_2409250327511846.pdf,,OFFICIAL_FALLBACK,Fallback reference.
Agriculture drone – seed planting,Agri-tech,Seed planting drone,unit,475000,1900000,range,NABARD,2025-26,Andhra Pradesh,82,https://www.nabard.org/auth/writereaddata/tender/pub_2409250327511846.pdf,,OFFICIAL_FALLBACK,Fallback reference.
Vegetable dryer – solar tunnel,Food/agri processing,100–200 sq ft,unit,75000,175000,range,NABARD,2025-26,Andhra Pradesh,82,https://www.nabard.org/auth/writereaddata/tender/pub_2409250327511846.pdf,,OFFICIAL_FALLBACK,Fallback reference.
Vegetable electric dryer,Food/agri processing,48 trays,unit,300000,450000,range,NABARD,2025-26,Andhra Pradesh,82,https://www.nabard.org/auth/writereaddata/tender/pub_2409250327511846.pdf,,OFFICIAL_FALLBACK,Fallback reference.
Battery operated tiller with accessories,Farm mechanization,1.2 kW multi-attachment,unit,340000,460000,range,NABARD,2025-26,Andhra Pradesh,83,https://www.nabard.org/auth/writereaddata/tender/pub_2409250327511846.pdf,,OFFICIAL_FALLBACK,Fallback reference.
Dairy unit (2 milch animals + 1 heifer),Integrated farming,2 milch animals + 1 heifer,unit,166000,166000,fixed_reference,NABARD,2025-26,Andhra Pradesh,66-68,https://www.nabard.org/auth/writereaddata/tender/pub_2409250327511846.pdf,,OFFICIAL_FALLBACK,Fallback reference.
Backyard poultry unit,Integrated farming,250 birds,unit,170000,170000,fixed_reference,NABARD,2025-26,Andhra Pradesh,67-68,https://www.nabard.org/auth/writereaddata/tender/pub_2409250327511846.pdf,,OFFICIAL_FALLBACK,Fallback reference.
Field crops,Integrated farming,Rice/Maize/Cotton/Sunflower/Sweet corn/Cowpea,per ha,145000,145000,fixed_reference,NABARD,2025-26,Andhra Pradesh,67-68,https://www.nabard.org/auth/writereaddata/tender/pub_2409250327511846.pdf,,OFFICIAL_FALLBACK,Fallback reference.
Horticulture unit,Integrated farming,Fruit crops & plantations,per ha,75000,75000,fixed_reference,NABARD,2025-26,Andhra Pradesh,67-68,https://www.nabard.org/auth/writereaddata/tender/pub_2409250327511846.pdf,,OFFICIAL_FALLBACK,Fallback reference.
Compost unit,Integrated farming,Compost and related components,unit,68300,68300,fixed_reference,NABARD,2025-26,Andhra Pradesh,67-68,https://www.nabard.org/auth/writereaddata/tender/pub_2409250327511846.pdf,,OFFICIAL_FALLBACK,Fallback reference.
Biogas unit,Integrated farming,Biogas unit,unit,150000,150000,fixed_reference,NABARD,2025-26,Andhra Pradesh,67-68,https://www.nabard.org/auth/writereaddata/tender/pub_2409250327511846.pdf,,OFFICIAL_FALLBACK,Fallback reference.
Mushroom unit,Integrated farming,Mushroom cultivation,unit,25000,25000,fixed_reference,NABARD,2025-26,Andhra Pradesh,67-68,https://www.nabard.org/auth/writereaddata/tender/pub_2409250327511846.pdf,,OFFICIAL_FALLBACK,Fallback reference.
Apiculture unit,Integrated farming,Beekeeping,unit,55000,55000,fixed_reference,NABARD,2025-26,Andhra Pradesh,67-68,https://www.nabard.org/auth/writereaddata/tender/pub_2409250327511846.pdf,,OFFICIAL_FALLBACK,Fallback reference.
Mango,Plantation & horticulture,7.5 x 7.5 m,per acre,130000,130000,fixed_reference,NABARD,2025-26,Andhra Pradesh,87,https://www.nabard.org/auth/writereaddata/tender/pub_2409250327511846.pdf,,OFFICIAL_FALLBACK,Fallback reference.
Mango – high density,Plantation & horticulture,5 x 5 m,per acre,165000,165000,fixed_reference,NABARD,2025-26,Andhra Pradesh,87,https://www.nabard.org/auth/writereaddata/tender/pub_2409250327511846.pdf,,OFFICIAL_FALLBACK,Fallback reference.
Mango – ultra high density,Plantation & horticulture,4 x 3 m,per acre,191000,191000,fixed_reference,NABARD,2025-26,Andhra Pradesh,87,https://www.nabard.org/auth/writereaddata/tender/pub_2409250327511846.pdf,,OFFICIAL_FALLBACK,Fallback reference.
Mango – ultra high density,Plantation & horticulture,2.5 x 2.5 m,per acre,251900,251900,fixed_reference,NABARD,2025-26,Andhra Pradesh,87,https://www.nabard.org/auth/writereaddata/tender/pub_2409250327511846.pdf,,OFFICIAL_FALLBACK,Fallback reference.
Guava,Plantation & horticulture,6 x 6 m,per acre,130000,130000,fixed_reference,NABARD,2025-26,Andhra Pradesh,87,https://www.nabard.org/auth/writereaddata/tender/pub_2409250327511846.pdf,,OFFICIAL_FALLBACK,Fallback reference.
Guava – high density,Plantation & horticulture,3 x 3 m,per acre,154300,154300,fixed_reference,NABARD,2025-26,Andhra Pradesh,87,https://www.nabard.org/auth/writereaddata/tender/pub_2409250327511846.pdf,,OFFICIAL_FALLBACK,Fallback reference.
Custard apple – ultra high density,Plantation & horticulture,2.5 x 2.5 m,per acre,181300,181300,fixed_reference,NABARD,2025-26,Andhra Pradesh,87,https://www.nabard.org/auth/writereaddata/tender/pub_2409250327511846.pdf,,OFFICIAL_FALLBACK,Fallback reference.
Dragon fruit,Plantation & horticulture,2.5 x 2.5 m,per acre,688600,688600,fixed_reference,NABARD,2025-26,Andhra Pradesh,87-88,https://www.nabard.org/auth/writereaddata/tender/pub_2409250327511846.pdf,,OFFICIAL_FALLBACK,Fallback reference.
Apple,Plantation & horticulture,5 x 5 m,per acre,129000,129000,fixed_reference,NABARD,2025-26,Andhra Pradesh,88,https://www.nabard.org/auth/writereaddata/tender/pub_2409250327511846.pdf,,OFFICIAL_FALLBACK,Fallback reference.
Apple,Plantation & horticulture,4 x 4 m,per acre,135000,135000,fixed_reference,NABARD,2025-26,Andhra Pradesh,88,https://www.nabard.org/auth/writereaddata/tender/pub_2409250327511846.pdf,,OFFICIAL_FALLBACK,Fallback reference.
Ber,Plantation & horticulture,6 x 6 m,per acre,129000,129000,fixed_reference,NABARD,2025-26,Andhra Pradesh,88,https://www.nabard.org/auth/writereaddata/tender/pub_2409250327511846.pdf,,OFFICIAL_FALLBACK,Fallback reference.
Citrus,Plantation & horticulture,6 x 6 m,per acre,160000,160000,fixed_reference,NABARD,2025-26,Andhra Pradesh,88,https://www.nabard.org/auth/writereaddata/tender/pub_2409250327511846.pdf,,OFFICIAL_FALLBACK,Fallback reference.
Sapota,Plantation & horticulture,8 x 8 m,per acre,120000,120000,fixed_reference,NABARD,2025-26,Andhra Pradesh,88,https://www.nabard.org/auth/writereaddata/tender/pub_2409250327511846.pdf,,OFFICIAL_FALLBACK,Fallback reference.
Pomegranate,Plantation & horticulture,5 x 5 m,per acre,165000,165000,fixed_reference,NABARD,2025-26,Andhra Pradesh,88,https://www.nabard.org/auth/writereaddata/tender/pub_2409250327511846.pdf,,OFFICIAL_FALLBACK,Fallback reference.
Pomegranate,Plantation & horticulture,5 x 3 m,per acre,170000,170000,fixed_reference,NABARD,2025-26,Andhra Pradesh,88,https://www.nabard.org/auth/writereaddata/tender/pub_2409250327511846.pdf,,OFFICIAL_FALLBACK,Fallback reference.
Pomegranate,Plantation & horticulture,4 x 3 m,per acre,180000,180000,fixed_reference,NABARD,2025-26,Andhra Pradesh,88,https://www.nabard.org/auth/writereaddata/tender/pub_2409250327511846.pdf,,OFFICIAL_FALLBACK,Fallback reference.
Tissue culture banana,Plantation & horticulture,1.65 x 1.65 m,per acre,129800,129800,fixed_reference,NABARD,2025-26,Andhra Pradesh,89,https://www.nabard.org/auth/writereaddata/tender/pub_2409250327511846.pdf,,OFFICIAL_FALLBACK,Fallback reference.
Cashew,Plantation & horticulture,6 x 6 m,per acre,150000,150000,fixed_reference,NABARD,2025-26,Andhra Pradesh,89,https://www.nabard.org/auth/writereaddata/tender/pub_2409250327511846.pdf,,OFFICIAL_FALLBACK,Fallback reference.
Coconut – East Coast Tall,Plantation & horticulture,7.5 x 7.5 m,per acre,145000,145000,fixed_reference,NABARD,2025-26,Andhra Pradesh,89,https://www.nabard.org/auth/writereaddata/tender/pub_2409250327511846.pdf,,OFFICIAL_FALLBACK,Fallback reference.
Jasmine,Plantation & horticulture,1.5 x 1.5 m,per acre,82300,82300,fixed_reference,NABARD,2025-26,Andhra Pradesh,89,https://www.nabard.org/auth/writereaddata/tender/pub_2409250327511846.pdf,,OFFICIAL_FALLBACK,Fallback reference.
Oil palm,Plantation & horticulture,9 x 9 m,per acre,108350,108350,fixed_reference,NABARD,2025-26,Andhra Pradesh,89,https://www.nabard.org/auth/writereaddata/tender/pub_2409250327511846.pdf,,OFFICIAL_FALLBACK,Fallback reference.
Aonla,Plantation & horticulture,6 x 6 m,per acre,120000,120000,fixed_reference,NABARD,2025-26,Andhra Pradesh,89,https://www.nabard.org/auth/writereaddata/tender/pub_2409250327511846.pdf,,OFFICIAL_FALLBACK,Fallback reference.
Creeper crops – trellis system,Plantation & horticulture,4 x 5.5 m,per acre,359700,359700,fixed_reference,NABARD,2025-26,Andhra Pradesh,89,https://www.nabard.org/auth/writereaddata/tender/pub_2409250327511846.pdf,,OFFICIAL_FALLBACK,Fallback reference.
Rose,Plantation & horticulture,2 x 2 m,per acre,78900,78900,fixed_reference,NABARD,2025-26,Andhra Pradesh,90,https://www.nabard.org/auth/writereaddata/tender/pub_2409250327511846.pdf,,OFFICIAL_FALLBACK,Fallback reference.
Chrysanthemum,Plantation & horticulture,30 cm x 30 cm,per acre,135000,135000,fixed_reference,NABARD,2025-26,Andhra Pradesh,90,https://www.nabard.org/auth/writereaddata/tender/pub_2409250327511846.pdf,,OFFICIAL_FALLBACK,Fallback reference.
Jamun,Plantation & horticulture,6 x 6 m,per acre,81400,81400,fixed_reference,NABARD,2025-26,Andhra Pradesh,90,https://www.nabard.org/auth/writereaddata/tender/pub_2409250327511846.pdf,,OFFICIAL_FALLBACK,Fallback reference.
Exotic flowers – polyhouse,Protected cultivation,1 x 1 m,per acre,172000,172000,fixed_reference,NABARD,2025-26,Andhra Pradesh,90,https://www.nabard.org/auth/writereaddata/tender/pub_2409250327511846.pdf,,OFFICIAL_FALLBACK,Fallback reference.
Polyhouses and shade nets – installation,Protected cultivation,Installation,unit,3500000,3500000,fixed_reference,NABARD,2025-26,Andhra Pradesh,90-91,https://www.nabard.org/auth/writereaddata/tender/pub_2409250327511846.pdf,,OFFICIAL_FALLBACK,Fallback reference.
Capsicum – naturally ventilated polyhouse,Protected cultivation,1000 sq m,1000 sq m,1500000,1500000,fixed_reference,NABARD,2025-26,Andhra Pradesh,91,https://www.nabard.org/auth/writereaddata/tender/pub_2409250327511846.pdf,,OFFICIAL_FALLBACK,Fallback reference.
Cucumber – naturally ventilated polyhouse,Protected cultivation,1000 sq m,1000 sq m,1650000,1650000,fixed_reference,NABARD,2025-26,Andhra Pradesh,91,https://www.nabard.org/auth/writereaddata/tender/pub_2409250327511846.pdf,,OFFICIAL_FALLBACK,Fallback reference.
Gerbera – naturally ventilated polyhouse,Protected cultivation,1000 sq m,1000 sq m,1800000,1800000,fixed_reference,NABARD,2025-26,Andhra Pradesh,91,https://www.nabard.org/auth/writereaddata/tender/pub_2409250327511846.pdf,,OFFICIAL_FALLBACK,Fallback reference.
Rose – naturally ventilated polyhouse,Protected cultivation,1000 sq m,1000 sq m,1450000,1450000,fixed_reference,NABARD,2025-26,Andhra Pradesh,91,https://www.nabard.org/auth/writereaddata/tender/pub_2409250327511846.pdf,,OFFICIAL_FALLBACK,Fallback reference.
Tomato – naturally ventilated polyhouse,Protected cultivation,1000 sq m,1000 sq m,1150000,1150000,fixed_reference,NABARD,2025-26,Andhra Pradesh,91,https://www.nabard.org/auth/writereaddata/tender/pub_2409250327511846.pdf,,OFFICIAL_FALLBACK,Fallback reference.
Capsicum – low-cost walk-in tunnel,Protected cultivation,1000 sq m,1000 sq m,800000,800000,fixed_reference,NABARD,2025-26,Andhra Pradesh,91,https://www.nabard.org/auth/writereaddata/tender/pub_2409250327511846.pdf,,OFFICIAL_FALLBACK,Fallback reference.
Cucumber – low-cost walk-in tunnel,Protected cultivation,1000 sq m,1000 sq m,800000,800000,fixed_reference,NABARD,2025-26,Andhra Pradesh,92,https://www.nabard.org/auth/writereaddata/tender/pub_2409250327511846.pdf,,OFFICIAL_FALLBACK,Fallback reference.
Tomato – low-cost walk-in tunnel,Protected cultivation,1000 sq m,1000 sq m,800000,800000,fixed_reference,NABARD,2025-26,Andhra Pradesh,92,https://www.nabard.org/auth/writereaddata/tender/pub_2409250327511846.pdf,,OFFICIAL_FALLBACK,Fallback reference.
Bee keeping,Apiculture,50 colonies,50 colonies,265000,265000,fixed_reference,NABARD,2025-26,Andhra Pradesh,92,https://www.nabard.org/auth/writereaddata/tender/pub_2409250327511846.pdf,,OFFICIAL_FALLBACK,Fallback reference.
Bamboo,Forestry,5 x 5 m,per ha,102000,102000,fixed_reference,NABARD,2025-26,Andhra Pradesh,92,https://www.nabard.org/auth/writereaddata/tender/pub_2409250327511846.pdf,,OFFICIAL_FALLBACK,Fallback reference.
Intensive fish culture – Indian Major Carps,Fisheries,"1 ha, 8 months",1 ha,822000,822000,fixed_reference,NABARD,2025-26,Andhra Pradesh,134,https://www.nabard.org/auth/writereaddata/tender/pub_2409250327511846.pdf,,OFFICIAL_FALLBACK,Fallback reference.
Polyculture of fish and scampi,Fisheries,"1 ha, 11 months",1 ha,491000,491000,fixed_reference,NABARD,2025-26,Andhra Pradesh,134,https://www.nabard.org/auth/writereaddata/tender/pub_2409250327511846.pdf,,OFFICIAL_FALLBACK,Fallback reference.
Composite fish culture,Fisheries,"2 ha, 11 months",2 ha,623000,623000,fixed_reference,NABARD,2025-26,Andhra Pradesh,134,https://www.nabard.org/auth/writereaddata/tender/pub_2409250327511846.pdf,,OFFICIAL_FALLBACK,Fallback reference.
Mud crab fattening,Fisheries,"0.1 ha, 20–30 days",0.1 ha,160700,160700,fixed_reference,NABARD,2025-26,Andhra Pradesh,134,https://www.nabard.org/auth/writereaddata/tender/pub_2409250327511846.pdf,,OFFICIAL_FALLBACK,Fallback reference.
White shrimp culture (L. vannamei),Fisheries,"1 ha, 3–4 months",1 ha,2953800,2953800,fixed_reference,NABARD,2025-26,Andhra Pradesh,134,https://www.nabard.org/auth/writereaddata/tender/pub_2409250327511846.pdf,,OFFICIAL_FALLBACK,Fallback reference.
Renovation of ponds for fish culture,Fisheries,"1 ha, 11 months",1 ha,669000,669000,fixed_reference,NABARD,2025-26,Andhra Pradesh,134,https://www.nabard.org/auth/writereaddata/tender/pub_2409250327511846.pdf,,OFFICIAL_FALLBACK,Fallback reference.
Fish culture,Fisheries,"1 ha, 12 months",1 ha,1793600,1793600,fixed_reference,NABARD,2025-26,Andhra Pradesh,134,https://www.nabard.org/auth/writereaddata/tender/pub_2409250327511846.pdf,,OFFICIAL_FALLBACK,Fallback reference.
Mud crab culture in HDPE boxes,Fisheries,"0.4 ha, 4–5 months",0.4 ha,2965200,2965200,fixed_reference,NABARD,2025-26,Andhra Pradesh,134,https://www.nabard.org/auth/writereaddata/tender/pub_2409250327511846.pdf,,OFFICIAL_FALLBACK,Fallback reference.
Mud crab culture in open ponds,Fisheries,"0.4 ha, 4–5 months",0.4 ha,872000,872000,fixed_reference,NABARD,2025-26,Andhra Pradesh,135,https://www.nabard.org/auth/writereaddata/tender/pub_2409250327511846.pdf,,OFFICIAL_FALLBACK,Fallback reference.
Scampi culture,Fisheries,"1 ha, 4–5 months",1 ha,1592500,1592500,fixed_reference,NABARD,2025-26,Andhra Pradesh,135,https://www.nabard.org/auth/writereaddata/tender/pub_2409250327511846.pdf,,OFFICIAL_FALLBACK,Fallback reference.
GIFT tilapia culture,Fisheries,"1 ha, 4–5 months",1 ha,2746000,2746000,fixed_reference,NABARD,2025-26,Andhra Pradesh,135,https://www.nabard.org/auth/writereaddata/tender/pub_2409250327511846.pdf,,OFFICIAL_FALLBACK,Fallback reference.
Sea bass culture,Fisheries,"1 ha, 12 months",1 ha,1985000,1985000,fixed_reference,NABARD,2025-26,Andhra Pradesh,135,https://www.nabard.org/auth/writereaddata/tender/pub_2409250327511846.pdf,,OFFICIAL_FALLBACK,Fallback reference.
Pangassius culture,Fisheries,"1 ha, 10–11 months",1 ha,2194800,2194800,fixed_reference,NABARD,2025-26,Andhra Pradesh,135,https://www.nabard.org/auth/writereaddata/tender/pub_2409250327511846.pdf,,OFFICIAL_FALLBACK,Fallback reference.
RAS – large,Aquaculture technology,8 tanks; 40 ton/crop,unit,5800000,5800000,fixed_reference,NABARD,2025-26,Andhra Pradesh,136,https://www.nabard.org/auth/writereaddata/tender/pub_2409250327511846.pdf,,OFFICIAL_FALLBACK,Fallback reference.
RAS – medium,Aquaculture technology,4 tanks; 10 ton/crop,unit,3000000,3000000,fixed_reference,NABARD,2025-26,Andhra Pradesh,136,https://www.nabard.org/auth/writereaddata/tender/pub_2409250327511846.pdf,,OFFICIAL_FALLBACK,Fallback reference.
RAS – small,Aquaculture technology,1 tank / biofloc system,unit,800000,800000,fixed_reference,NABARD,2025-26,Andhra Pradesh,136,https://www.nabard.org/auth/writereaddata/tender/pub_2409250327511846.pdf,,OFFICIAL_FALLBACK,Fallback reference.
Biofloc ponds – brackish water shrimp,Fisheries,3–4 months,unit,1925000,1925000,fixed_reference,NABARD,2025-26,Andhra Pradesh,137,https://www.nabard.org/auth/writereaddata/tender/pub_2409250327511846.pdf,,OFFICIAL_FALLBACK,Fallback reference.
Biofloc ponds – freshwater shrimp,Fisheries,3–4 months,unit,1600000,1600000,fixed_reference,NABARD,2025-26,Andhra Pradesh,137,https://www.nabard.org/auth/writereaddata/tender/pub_2409250327511846.pdf,,OFFICIAL_FALLBACK,Fallback reference.
Stationary/mobile aqua lab,Fisheries services,Fish/shrimp disease diagnosis,unit,4100000,4100000,fixed_reference,NABARD,2025-26,Andhra Pradesh,137,https://www.nabard.org/auth/writereaddata/tender/pub_2409250327511846.pdf,,OFFICIAL_FALLBACK,Fallback reference.
Wooden furniture,Manufacturing,Model project,project,1525000,1525000,model_project_cost,KVIC / PMEGP,varies by profile,India / model profile,,https://www.kviconline.gov.in/pmegp/pmegpweb/docs/commonprojectprofile/PROJECT%20PROFILE%20ON%20WOODEN%20FURNITURE.pdf,"Government model project profile; age varies by profile. Treat as reference, not current quotation.",INDIA_OFFICIAL_FALLBACK,Yes — fallback only when no Odisha-specific official reference exists.
LED based lighting system,Electronics manufacturing,Model project,project,2083000,2083000,model_project_cost,KVIC / PMEGP,varies by profile,India / model profile,,https://www.kviconline.gov.in/pmegp/pmegpweb/docs/commonprojectprofile/LEDLampassemblyunit.pdf,"Government model project profile; age varies by profile. Treat as reference, not current quotation.",INDIA_OFFICIAL_FALLBACK,Yes — fallback only when no Odisha-specific official reference exists.
Mini tufting unit,Textile manufacturing,Model project,project,2500000,2500000,model_project_cost,KVIC / PMEGP,varies by profile,India / model profile,,https://www.kviconline.gov.in/pmegp/pmegpweb/docs/commonprojectprofile/MiniTuftingunit.pdf,"Government model project profile; age varies by profile. Treat as reference, not current quotation.",INDIA_OFFICIAL_FALLBACK,Yes — fallback only when no Odisha-specific official reference exists.
Children garments,Garments manufacturing,Model project,project,985000,985000,model_project_cost,KVIC / PMEGP,varies by profile,India / model profile,,https://www.kviconline.gov.in/pmegp/pmegpweb/docs/commonprojectprofile/PROJECT%20PROFILE%20ON%20CHILDREN%20GARMENTS.pdf,"Government model project profile; age varies by profile. Treat as reference, not current quotation.",INDIA_OFFICIAL_FALLBACK,Yes — fallback only when no Odisha-specific official reference exists.
Consumer electronics repair,Repair/service,Model project,project,300000,300000,model_project_cost,KVIC / PMEGP,varies by profile,India / model profile,,https://www.kviconline.gov.in/pmegp/pmegpweb/docs/commonprojectprofile/PROJECT%20%20PROFILE%20%20ON%20REPAIRS%20%26%20%20MAINTENANCE%20OF%20CONSUMER%20%20ELECTRONIC%20PRODUCTS.pdf,"Government model project profile; age varies by profile. Treat as reference, not current quotation.",INDIA_OFFICIAL_FALLBACK,Yes — fallback only when no Odisha-specific official reference exists.
Wafer biscuits (big type),Food processing,Model project,project,2075000,2075000,model_project_cost,KVIC / PMEGP,varies by profile,India / model profile,,https://www.kviconline.gov.in/pmegp/pmegpweb/docs/commonprojectprofile/PROJECT%20PROFILE%20ON%20WAFER%20BISCUITS%20BIG%20TYPE.pdf,"Government model project profile; age varies by profile. Treat as reference, not current quotation.",INDIA_OFFICIAL_FALLBACK,Yes — fallback only when no Odisha-specific official reference exists.
Blow moulded plastic containers,Plastic manufacturing,Model project,project,1927000,1927000,model_project_cost,KVIC / PMEGP,varies by profile,India / model profile,,https://www.kviconline.gov.in/pmegp/pmegpweb/docs/commonprojectprofile/PROJECT%20PROFILE%20ON%20BLOW%20MOULDED%20PLASTIC%20CONTAINERS.pdf,"Government model project profile; age varies by profile. Treat as reference, not current quotation.",INDIA_OFFICIAL_FALLBACK,Yes — fallback only when no Odisha-specific official reference exists.
Plastic bottles,Plastic manufacturing,Model project,project,880500,880500,model_project_cost,KVIC / PMEGP,varies by profile,India / model profile,,https://www.kviconline.gov.in/pmegp/pmegpweb/docs/commonprojectprofile/MODEL%20PROJECT%20PROFILE%20ON%20PLASTIC%20BOTTLE%20%28PCBI%29.pdf,"Government model project profile; age varies by profile. Treat as reference, not current quotation.",INDIA_OFFICIAL_FALLBACK,Yes — fallback only when no Odisha-specific official reference exists.
Toilet soap,Chemical/consumer manufacturing,Model project,project,2500000,2500000,model_project_cost,KVIC / PMEGP,varies by profile,India / model profile,,https://www.kviconline.gov.in/pmegp/pmegpweb/docs/commonprojectprofile/PROJECT%20PROFILE%20ON%20TOILET%20SOAP.pdf,"Government model project profile; age varies by profile. Treat as reference, not current quotation.",INDIA_OFFICIAL_FALLBACK,Yes — fallback only when no Odisha-specific official reference exists.
Liquid detergent,Chemical/consumer manufacturing,Model project,project,400000,400000,model_project_cost,KVIC / PMEGP,varies by profile,India / model profile,,https://www.kviconline.gov.in/pmegp/pmegpweb/docs/commonprojectprofile/PROJECT%20PROFILE%20ON%20LIQUID%20DETERGENT.pdf,"Government model project profile; age varies by profile. Treat as reference, not current quotation.",INDIA_OFFICIAL_FALLBACK,Yes — fallback only when no Odisha-specific official reference exists.
Agri-produce transport vehicle,Transport & logistics,Agricultural produce transport vehicle,vehicle,500000,500000,fixed_reference,NABARD,2025-26,Leh PLP 2025-26,96,https://www.nabard.org/auth/writereaddata/tender/pub_2507251211041674.pdf,Official NABARD PLP unit cost.,OFFICIAL_FALLBACK,Fallback reference.
Agri-produce transport/marketing vehicle,Transport & logistics,Transport vehicle,vehicle,150000,150000,fixed_reference,NABARD,2025-26,Haveri PLP 2025-26,106,https://www.nabard.org/auth/writereaddata/tender/pub_1301250414011327.pdf,Official NABARD PLP unit cost; regional value.,OFFICIAL_FALLBACK,Fallback reference.
Electric two-wheeler for agri-produce transport,Transport & logistics,Electric two-wheeler,vehicle,150000,150000,fixed_reference,NABARD,2025-26,Mysuru PLP 2025-26,Annexure,https://www.nabard.org/auth/writereaddata/tender/pub_1301250419481331.pdf,Official NABARD regional unit cost.,OFFICIAL_FALLBACK,Fallback reference.
Transport vehicle for poultry products,Transport & logistics,Transport vehicle,vehicle,816000,816000,fixed_reference,NABARD,2025-26,Poultry diversified activities,42,https://www.nabard.org/auth/writereaddata/tender/pub_3007251038211712.pdf,Official NABARD unit cost.,OFFICIAL_FALLBACK,Fallback reference.
Refrigerated transport vehicle,Transport & logistics,Refrigerated transport vehicle,vehicle,1530000,1530000,fixed_reference,NABARD,2025-26,Poultry diversified activities,42,https://www.nabard.org/auth/writereaddata/tender/pub_3007251038211712.pdf,Official NABARD unit cost.,OFFICIAL_FALLBACK,Fallback reference.
Bus body building / light commercial vehicle body building,Transport & logistics,Light commercial / heavy commercial vehicle body building,project,1472000,1472000,model_project_cost,KVIC / PMEGP,varies by profile,India / model project profile,1-2,https://kviconline.gov.in/pmegp/pmegpweb/docs/commonprojectprofile/PROJECT%20PROFILE%20ON%20BUS%20BODY%20BUILDINGLIGHT%20%20COMMERCIAL%20VEHICLE.pdf,Government model profile; notes costs are indicative and area/input dependent.,INDIA_OFFICIAL_FALLBACK,Yes — fallback only when no Odisha-specific official reference exists.
Computer training institute,Education & training,25-computer training centre,project,1772000,1772000,model_project_cost,KVIC / PMEGP,varies by profile,India / model project profile,,https://www.kviconline.gov.in/pmegp/pmegpweb/docs/commonprojectprofile/ComputerTrainingInstitute.pdf,Includes equipment/fixed investment and 3-month working capital in the model profile.,INDIA_OFFICIAL_FALLBACK,Yes — fallback only when no Odisha-specific official reference exists.
Multipurpose computer centre / cyber café,Education & digital services,Computer centre with DTP/IT/training services,project,536000,536000,model_project_cost,KVIC / PMEGP,varies by profile,India / model project profile,,https://www.kviconline.gov.in/pmegp/pmegpweb/docs/commonprojectprofile/PROJECT%20PROFILE%20ON%20MULTIPURPOSE%20COMPUTER%20CENTRECYBER%20CAFE.pdf,Useful as a low-scale education/digital-service reference; profile is older.,INDIA_OFFICIAL_FALLBACK,Yes — fallback only when no Odisha-specific official reference exists.
Private secondary school,Education infrastructure,Secondary school infrastructure,project,30000000,30000000,fixed_reference,NABARD,2025-26,Kalahandi PLP 2025-26,146,https://www.nabard.org/auth/writereaddata/tender/pub_2508251148591818.pdf,Institutional/social-infrastructure reference; not a micro-enterprise quote.,OFFICIAL_FALLBACK,Fallback reference.
Private upper-primary school,Education infrastructure,Upper-primary school infrastructure,project,20000000,20000000,fixed_reference,NABARD,2025-26,Kalahandi PLP 2025-26,146,https://www.nabard.org/auth/writereaddata/tender/pub_2508251148591818.pdf,Institutional/social-infrastructure reference; not a micro-enterprise quote.,OFFICIAL_FALLBACK,Fallback reference.
School bags manufacturing,Education-linked manufacturing,School bag manufacturing unit,project,1759000,1759000,model_project_cost,KVIC / PMEGP,varies by profile,India / model project profile,,https://www.kviconline.gov.in/pmegp/pmegpweb/docs/commonprojectprofile/SchoolBag.pdf,Education-linked entrepreneurship example; official project profile.,INDIA_OFFICIAL_FALLBACK,Yes — fallback only when no Odisha-specific official reference exists.
Diagnostic laboratory,Healthcare,Diagnostic lab,project,5000000,5000000,fixed_reference,NABARD,2025-26,Jammu PLP 2025-26,181,https://www.nabard.org/auth/writereaddata/tender/pub_2407250513331658.pdf,Official NABARD social-infrastructure unit cost.,OFFICIAL_FALLBACK,Fallback reference.
Nursing home,Healthcare,Nursing home,project,12000000,12000000,fixed_reference,NABARD,2025-26,Jammu PLP 2025-26,181,https://www.nabard.org/auth/writereaddata/tender/pub_2407250513331658.pdf,Official NABARD social-infrastructure unit cost.,OFFICIAL_FALLBACK,Fallback reference.
Hospital / nursing home / clinic / diagnostic centre – small reference,Healthcare,Small social-infrastructure facility,project,10000000,10000000,fixed_reference,NABARD,2025-26,Bidar district PLP,,https://www.nabard.org/auth/writereaddata/tender/pub_1301250315221313.pdf,Official NABARD social-infrastructure reference; scope is institutional and not a micro-enterprise quotation.,OFFICIAL_FALLBACK,Fallback reference.
Hospital / nursing home / clinic / diagnostic centre – larger reference,Healthcare,Large social-infrastructure facility,project,50000000,50000000,fixed_reference,NABARD,2025-26,Bidar district PLP,,https://www.nabard.org/auth/writereaddata/tender/pub_1301250315221313.pdf,Official NABARD social-infrastructure reference; large institutional scale.,OFFICIAL_FALLBACK,Fallback reference.
Private clinic / hospital,Healthcare,Clinic / hospital reference,project,5000000,5000000,fixed_reference,NABARD,2022-23 reference in available official PLP,Vadodara PLP,70,https://www.nabard.org/auth/writereaddata/tender/0812213647Vadodara.pdf,Older official reference; retain source year and do not present as current market cost.,OFFICIAL_FALLBACK,Fallback reference.
